level,identifier,name,ags,wahlkreisnummer,old_reported_precincts,new_reported_precincts,delta_reported_precincts,old_total_precincts,new_total_precincts,delta_total_precincts,old_voters_total,new_voters_total,delta_voters_total,old_valid_votes_erst,new_valid_votes_erst,delta_valid_votes_erst,old_valid_votes_zweit,new_valid_votes_zweit,delta_valid_votes_zweit
LAND,000000,Land Baden-Württemberg,,,11570,11570,0,11570,11570,0,5406852,5406737,-115,5358876,5359187,311,5374834,5375109,275
WAHLKREIS,1,01 - Stuttgart I,,1,146,146,0,146,146,0,73507,73506,-1,73168,73169,1,73366,73364,-2
WAHLKREIS,2,02 - Stuttgart II,,2,144,144,0,144,144,0,69132,69133,1,68850,68848,-2,68887,68890,3
WAHLKREIS,3,03 - Stuttgart III,,3,131,131,0,131,131,0,58888,58888,0,58414,58413,-1,58620,58618,-2
WAHLKREIS,4,04 - Stuttgart IV,,4,135,135,0,135,135,0,58942,58947,5,58546,58554,8,58671,58671,0
WAHLKREIS,5,05 - Böblingen,,5,189,189,0,189,189,0,88298,88293,-5,87556,87560,4,87842,87845,3
WAHLKREIS,6,06 - Leonberg,,6,178,178,0,178,178,0,96812,96804,-8,96134,96139,5,96417,96420,3
WAHLKREIS,7,07 - Esslingen,,7,152,152,0,152,152,0,80045,80100,55,79417,79469,52,79621,79671,50
WAHLKREIS,8,08 - Kirchheim,,8,164,164,0,164,164,0,88660,88644,-16,88004,88005,1,88167,88166,-1
WAHLKREIS,9,09 - Nürtingen,,9,176,176,0,176,176,0,91792,91792,0,91031,91033,2,91333,91337,4
WAHLKREIS,10,10 - Göppingen,,10,157,157,0,157,157,0,63111,63111,0,62368,62370,2,62667,62666,-1
WAHLKREIS,11,11 - Geislingen,,11,128,128,0,128,128,0,63054,63047,-7,62376,62380,4,62673,62674,1
WAHLKREIS,12,12 - Ludwigsburg,,12,170,170,0,170,170,0,86245,86245,0,85612,85612,0,85842,85841,-1
WAHLKREIS,13,13 - Vaihingen,,13,166,166,0,166,166,0,85556,85556,0,84819,84818,-1,85147,85147,0
WAHLKREIS,14,14 - Bietigheim-Bissingen,,14,174,174,0,174,174,0,92263,92264,1,91466,91470,4,91762,91762,0
WAHLKREIS,15,15 - Waiblingen,,15,142,142,0,142,142,0,74314,74282,-32,73718,73719,1,73904,73905,1
WAHLKREIS,16,16 - Schorndorf,,16,140,140,0,140,140,0,71361,71335,-26,70823,70825,2,70903,70905,2
WAHLKREIS,17,17 - Backnang,,17,128,128,0,128,128,0,67262,67250,-12,66649,66643,-6,66857,66858,1
WAHLKREIS,18,18 - Heilbronn,,18,143,143,0,143,143,0,63006,62989,-17,62463,62463,0,62577,62579,2
WAHLKREIS,19,19 - Eppingen,,19,144,144,0,144,144,0,76696,76697,1,75998,76002,4,76204,76205,1
WAHLKREIS,21,21 - Hohenlohe,,21,169,169,0,169,169,0,70598,70598,0,70054,70061,7,70125,70127,2
WAHLKREIS,22,22 - Schwäbisch Hall,,22,182,182,0,182,182,0,85570,85580,10,84856,84867,11,85010,85024,14
WAHLKREIS,23,23 - Main-Tauber,,23,204,204,0,204,204,0,70814,70801,-13,69885,69897,12,70244,70253,9
WAHLKREIS,24,24 - Heidenheim,,24,163,163,0,163,163,0,61264,61264,0,60722,60727,5,60879,60879,0
WAHLKREIS,25,25 - Schwäbisch Gmünd,,25,150,150,0,150,150,0,76994,76994,0,76194,76197,3,76528,76531,3
WAHLKREIS,26,26 - Aalen,,26,175,175,0,175,175,0,87271,87271,0,86475,86477,2,86727,86727,0
WAHLKREIS,27,27 - Karlsruhe I,,27,137,137,0,137,137,0,73513,73514,1,72982,72981,-1,73219,73215,-4
WAHLKREIS,28,28 - Karlsruhe II,,28,132,132,0,132,132,0,69168,69171,3,68531,68529,-2,68848,68857,9
WAHLKREIS,29,29 - Bruchsal,,29,152,152,0,152,152,0,78106,78106,0,77182,77179,-3,77575,77574,-1
WAHLKREIS,30,30 - Bretten,,30,177,177,0,177,177,0,83216,83217,1,82152,82153,1,82651,82654,3
WAHLKREIS,31,31 - Ettlingen,,31,157,157,0,157,157,0,69073,69073,0,68281,68280,-1,68645,68645,0
WAHLKREIS,32,32 - Rastatt,,32,153,153,0,153,153,0,74122,74122,0,73303,73305,2,73608,73609,1
WAHLKREIS,33,33 - Baden-Baden,,33,139,139,0,139,139,0,59841,59841,0,59206,59208,2,59400,59402,2
WAHLKREIS,34,34 - Heidelberg,,34,149,149,0,149,149,0,72563,72550,-13,72117,72116,-1,72322,72331,9
WAHLKREIS,35,35 - Mannheim I,,35,110,110,0,110,110,0,51316,51316,0,50885,50888,3,50944,50944,0
WAHLKREIS,36,36 - Mannheim II,,36,133,133,0,133,133,0,66325,66327,2,65879,65880,1,65984,65984,0
WAHLKREIS,37,37 - Wiesloch,,37,137,137,0,137,137,0,69230,69230,0,68583,68585,2,68786,68785,-1
WAHLKREIS,38,38 - Neckar-Odenwald,,38,189,189,0,189,189,0,74170,74174,4,73430,73435,5,73548,73547,-1
WAHLKREIS,39,39 - Weinheim,,39,191,191,0,191,191,0,77643,77645,2,77095,77096,1,77263,77263,0
WAHLKREIS,40,40 - Schwetzingen,,40,128,128,0,128,128,0,62260,62260,0,61651,61650,-1,61840,61839,-1
WAHLKREIS,41,41 - Sinsheim,,41,150,150,0,150,150,0,69290,69285,-5,68676,68672,-4,68778,68777,-1
WAHLKREIS,42,42 - Pforzheim,,42,129,129,0,129,129,0,52832,52835,3,52282,52282,0,52503,52508,5
WAHLKREIS,43,43 - Calw,,43,186,186,0,186,186,0,79687,79688,1,78816,78819,3,79221,79226,5
WAHLKREIS,44,44 - Enz,,44,166,166,0,166,166,0,90660,90659,-1,89853,89856,3,90155,90156,1
WAHLKREIS,45,45 - Freudenstadt,,45,143,143,0,143,143,0,60913,60913,0,60403,60414,11,60582,60587,5
WAHLKREIS,46,46 - Freiburg I,,46,219,219,0,219,219,0,97621,97621,0,96992,96991,-1,97196,97199,3
WAHLKREIS,47,47 - Freiburg II,,47,183,183,0,183,183,0,91238,91240,2,90630,90635,5,90846,90850,4
WAHLKREIS,48,48 - Breisgau,,48,192,192,0,192,192,0,95086,95055,-31,94059,94064,5,94527,94532,5
WAHLKREIS,49,49 - Emmendingen,,49,165,165,0,165,165,0,90920,90899,-21,90208,90212,4,90370,90370,0
WAHLKREIS,50,50 - Lahr,,50,179,179,0,179,179,0,74765,74753,-12,73966,73966,0,74193,74190,-3
WAHLKREIS,51,51 - Offenburg,,51,130,130,0,130,130,0,68725,68699,-26,67793,67793,0,68200,68202,2
WAHLKREIS,52,52 - Kehl,,52,132,132,0,132,132,0,71726,71724,-2,71094,71100,6,71174,71177,3
WAHLKREIS,53,53 - Rottweil,,53,149,149,0,149,149,0,72512,72512,0,71837,71842,5,71934,71938,4
WAHLKREIS,54,54 - Villingen-Schwenningen,,54,189,189,0,189,189,0,79713,79715,2,78771,78777,6,79141,79145,4
WAHLKREIS,55,55 - Tuttlingen-Donaueschingen,,55,191,191,0,191,191,0,82999,82999,0,82091,82092,1,82362,82362,0
WAHLKREIS,56,56 - Konstanz,,56,161,161,0,161,161,0,72083,72083,0,71693,71691,-2,71819,71822,3
WAHLKREIS,57,57 - Singen,,57,159,159,0,159,159,0,67558,67558,0,66993,66994,1,67105,67113,8
WAHLKREIS,58,58 - Lörrach,,58,248,248,0,248,248,0,81325,81323,-2,80596,80607,11,80755,80759,4
WAHLKREIS,59,59 - Waldshut,,59,214,214,0,214,214,0,79732,79716,-16,79056,79057,1,79190,79193,3
WAHLKREIS,60,60 - Reutlingen,,60,171,171,0,171,171,0,91572,91572,0,90772,90773,1,91134,91134,0
WAHLKREIS,61,61 - Hechingen-Münsingen,,61,187,187,0,187,187,0,86590,86590,0,85619,85624,5,85942,85941,-1
WAHLKREIS,62,62 - Tübingen,,62,161,161,0,161,161,0,102867,102954,87,102282,102375,93,102495,102583,88
WAHLKREIS,63,63 - Balingen,,63,195,195,0,195,195,0,82460,82455,-5,81512,81518,6,81882,81882,0
WAHLKREIS,64,64 - Ulm,,64,218,218,0,218,218,0,85172,85148,-24,84508,84517,9,84771,84773,2
WAHLKREIS,65,65 - Ehingen,,65,197,197,0,197,197,0,78085,78079,-6,77527,77531,4,77521,77528,7
WAHLKREIS,66,66 - Biberach,,66,226,226,0,226,226,0,97888,97888,0,97197,97198,1,97260,97261,1
WAHLKREIS,67,67 - Bodensee,,67,201,201,0,201,201,0,92601,92601,0,91855,91856,1,92121,92122,1
WAHLKREIS,68,68 - Wangen,,68,185,185,0,185,185,0,90691,90692,1,89706,89710,4,90125,90127,2
WAHLKREIS,69,69 - Ravensburg,,69,174,174,0,174,174,0,89762,89760,-2,88847,88848,1,89238,89238,0
WAHLKREIS,70,70 - Sigmaringen,,70,180,180,0,180,180,0,68537,68543,6,67781,67784,3,67964,67976,12
GEMEINDE,08115003,"Böblingen, Stadt",08115003,,56,56,0,56,56,0,19419,19419,0,19273,19271,-2,19314,19314,0
GEMEINDE,08115016,Gäufelden,08115016,,10,10,0,10,10,0,4896,4887,-9,4848,4850,2,4861,4861,0
GEMEINDE,08115021,"Herrenberg, Stadt",08115021,,39,39,0,39,39,0,17136,17137,1,17017,17019,2,17060,17063,3
GEMEINDE,08115044,Schönaich,08115044,,10,10,0,10,10,0,5259,5260,1,5225,5226,1,5236,5236,0
GEMEINDE,08115045,"Sindelfingen, Stadt",08115045,,63,63,0,63,63,0,23516,23510,-6,23286,23285,-1,23380,23381,1
GEMEINDE,08115048,"Waldenbuch, Stadt",08115048,,6,6,0,6,6,0,4694,4694,0,4664,4667,3,4676,4677,1
GEMEINDE,08115050,"Weil der Stadt, Stadt",08115050,,23,23,0,23,23,0,10016,10016,0,9953,9954,1,9981,9981,0
GEMEINDE,08115051,Weil im Schönbuch,08115051,,7,7,0,7,7,0,5223,5223,0,5182,5185,3,5195,5196,1
GEMEINDE,08116019,"Esslingen am Neckar, Stadt",08116019,,77,77,0,77,77,0,40137,40187,50,39804,39854,50,39902,39952,50
GEMEINDE,08116033,"Kirchheim unter Teck, Stadt",08116033,,33,33,0,33,33,0,19996,19980,-16,19842,19842,0,19889,19889,0
GEMEINDE,08116047,Neuhausen auf den Fildern,08116047,,9,9,0,9,9,0,6599,6599,0,6543,6544,1,6568,6568,0
GEMEINDE,08116049,"Nürtingen, Stadt",08116049,,38,38,0,38,38,0,19586,19586,0,19414,19416,2,19474,19478,4
GEMEINDE,08116058,Reichenbach an der Fils,08116058,,10,10,0,10,10,0,4162,4162,0,4122,4123,1,4139,4139,0
GEMEINDE,08116070,"Weilheim an der Teck, Stadt",08116070,,8,8,0,8,8,0,5395,5395,0,5357,5358,1,5367,5366,-1
GEMEINDE,08116073,Wolfschlugen,08116073,,6,6,0,6,6,0,3698,3703,5,3651,3652,1,3662,3662,0
GEMEINDE,08117018,"Ebersbach an der Fils, Stadt",08117018,,20,20,0,20,20,0,7467,7467,0,7374,7374,0,7415,7414,-1
GEMEINDE,08117024,"Geislingen an der Steige, Stadt",08117024,,26,26,0,26,26,0,9563,9563,0,9450,9452,2,9493,9493,0
GEMEINDE,08117026,"Göppingen, Stadt",08117026,,65,65,0,65,65,0,23131,23131,0,22909,22910,1,23009,23009,0
GEMEINDE,08117028,Gruibingen,08117028,,2,2,0,2,2,0,1225,1225,0,1211,1213,2,1216,1217,1
GEMEINDE,08117029,Hattenhofen,08117029,,3,3,0,3,3,0,1790,1783,-7,1774,1774,0,1780,1780,0
GEMEINDE,08118040,Kirchheim am Neckar,08118040,,4,4,0,4,4,0,2512,2513,1,2486,2487,1,2492,2493,1
GEMEINDE,08118046,"Kornwestheim, Stadt",08118046,,32,32,0,32,32,0,14163,14163,0,14038,14038,0,14084,14083,-1
GEMEINDE,08118070,"Steinheim an der Murr, Stadt",08118070,,10,10,0,10,10,0,6372,6372,0,6318,6318,0,6335,6334,-1
GEMEINDE,08118073,"Vaihingen an der Enz, Stadt",08118073,,32,32,0,32,32,0,15203,15203,0,15075,15075,0,15141,15142,1
GEMEINDE,08118079,"Bietigheim-Bissingen, Stadt",08118079,,47,47,0,47,47,0,19802,19802,0,19614,19617,3,19692,19692,0
GEMEINDE,08118080,"Korntal-Münchingen, Stadt",08118080,,24,24,0,24,24,0,10018,10018,0,9930,9929,-1,9976,9975,-1
GEMEINDE,08119006,Auenwald,08119006,,5,5,0,5,5,0,3937,3929,-8,3900,3900,0,3914,3914,0
GEMEINDE,08119008,"Backnang, Stadt",08119008,,37,37,0,37,37,0,16504,16500,-4,16367,16360,-7,16416,16417,1
GEMEINDE,08119018,Burgstetten,08119018,,4,4,0,4,4,0,2080,2080,0,2061,2062,1,2066,2066,0
GEMEINDE,08119020,"Fellbach, Stadt",08119020,,43,43,0,43,43,0,20347,20347,0,20205,20206,1,20248,20249,1
GEMEINDE,08119055,Plüderhausen,08119055,,10,10,0,10,10,0,4909,4901,-8,4865,4865,0,4876,4877,1
GEMEINDE,08119067,"Schorndorf, Stadt",08119067,,41,41,0,41,41,0,20390,20390,0,20249,20251,2,20273,20274,1
GEMEINDE,08119079,"Waiblingen, Stadt",08119079,,45,45,0,45,45,0,24488,24475,-13,24269,24269,0,24344,24344,0
GEMEINDE,08119085,"Winnenden, Stadt",08119085,,29,29,0,29,29,0,12937,12918,-19,12819,12819,0,12855,12855,0
GEMEINDE,08119091,"Weinstadt, Stadt",08119091,,27,27,0,27,27,0,14614,14596,-18,14495,14495,0,14515,14515,0
GEMEINDE,08121000,"Heilbronn, Universitätsstadt",08121000,,112,112,0,112,112,0,45566,45549,-17,45169,45169,0,45251,45253,2
GEMEINDE,08125001,Abstatt,08125001,,6,6,0,6,6,0,2690,2690,0,2667,2667,0,2676,2677,1
GEMEINDE,08125008,"Beilstein, Stadt",08125008,,8,8,0,8,8,0,3477,3477,0,3440,3441,1,3458,3458,0
GEMEINDE,08125017,Cleebronn,08125017,,3,3,0,3,3,0,1461,1461,0,1447,1448,1,1455,1455,0
GEMEINDE,08125026,"Eppingen, Stadt",08125026,,13,13,0,13,13,0,10915,10915,0,10818,10819,1,10826,10826,0
GEMEINDE,08125056,"Lauffen am Neckar, Stadt",08125056,,12,12,0,12,12,0,5611,5612,1,5569,5570,1,5583,5583,0
GEMEINDE,08126046,"Künzelsau, Stadt",08126046,,15,15,0,15,15,0,7130,7130,0,7090,7095,5,7090,7090,0
GEMEINDE,08126066,"Öhringen, Stadt",08126066,,21,21,0,21,21,0,11573,11573,0,11489,11491,2,11501,11502,1
GEMEINDE,08126069,Pfedelbach,08126069,,11,11,0,11,11,0,5035,5035,0,4988,4988,0,4995,4996,1
GEMEINDE,08127025,"Gaildorf, Stadt",08127025,,10,10,0,10,10,0,5218,5218,0,5170,5170,0,5182,5183,1
GEMEINDE,08127079,Sulzbach-Laufen,08127079,,3,3,0,3,3,0,1416,1426,10,1397,1407,10,1396,1409,13
GEMEINDE,08127104,Stimpfach,08127104,,4,4,0,4,4,0,1683,1683,0,1673,1674,1,1671,1671,0
GEMEINDE,08128006,Assamstadt,08128006,,2,2,0,2,2,0,1378,1378,0,1360,1361,1,1360,1360,0
GEMEINDE,08128007,"Bad Mergentheim, Stadt",08128007,,27,27,0,27,27,0,11353,11353,0,11209,11214,5,11255,11259,4
GEMEINDE,08128047,"Grünsfeld, Stadt",08128047,,7,7,0,7,7,0,2169,2173,4,2149,2149,0,2159,2159,0
GEMEINDE,08128058,Igersheim,08128058,,7,7,0,7,7,0,3105,3111,6,3060,3060,0,3073,3073,0
GEMEINDE,08128061,Königheim,08128061,,6,6,0,6,6,0,1912,1912,0,1890,1891,1,1897,1897,0
GEMEINDE,08128082,"Niederstetten, Stadt",08128082,,12,12,0,12,12,0,3074,3051,-23,2998,2999,1,3017,3020,3
GEMEINDE,08128115,"Tauberbischofsheim, Stadt",08128115,,18,18,0,18,18,0,6813,6813,0,6708,6709,1,6768,6768,0
GEMEINDE,08128126,"Weikersheim, Stadt",08128126,,11,11,0,11,11,0,4507,4507,0,4449,4451,2,4473,4475,2
GEMEINDE,08128139,"Lauda-Königshofen, Stadt",08128139,,21,21,0,21,21,0,7436,7436,0,7347,7348,1,7390,7390,0
GEMEINDE,08135019,"Heidenheim an der Brenz, Stadt",08135019,,43,43,0,43,43,0,18835,18835,0,18688,18693,5,18726,18726,0
GEMEINDE,08136002,Abtsgmünd,08136002,,8,8,0,8,8,0,4452,4452,0,4407,4408,1,4422,4425,3
GEMEINDE,08136021,Essingen,08136021,,8,8,0,8,8,0,3843,3843,0,3799,3801,2,3820,3820,0
GEMEINDE,08136033,Hüttlingen,08136033,,4,4,0,4,4,0,3653,3653,0,3615,3615,0,3629,3631,2
GEMEINDE,08136037,Kirchheim am Ries,08136037,,4,4,0,4,4,0,1050,1050,0,1037,1039,2,1038,1038,0
GEMEINDE,08136089,Rainau,08136089,,4,4,0,4,4,0,2047,2047,0,2030,2030,0,2036,2034,-2
GEMEINDE,08211000,"Baden-Baden, Stadt",08211000,,60,60,0,60,60,0,23666,23666,0,23371,23373,2,23461,23462,1
GEMEINDE,08215046,Malsch,08215046,,18,18,0,18,18,0,7875,7875,0,7767,7766,-1,7829,7829,0
GEMEINDE,08215059,"Oberderdingen, Stadt",08215059,,14,14,0,14,14,0,5500,5500,0,5408,5408,0,5458,5459,1
GEMEINDE,08215084,Ubstadt-Weiher,08215084,,14,14,0,14,14,0,7375,7375,0,7300,7299,-1,7332,7332,0
GEMEINDE,08215097,"Kraichtal, Stadt",08215097,,12,12,0,12,12,0,7807,7807,0,7728,7729,1,7769,7771,2
GEMEINDE,08215106,"Waghäusel, Stadt",08215106,,21,21,0,21,21,0,10921,10921,0,10764,10763,-1,10837,10837,0
GEMEINDE,08215107,Oberhausen-Rheinhausen,08215107,,8,8,0,8,8,0,4963,4963,0,4866,4865,-1,4905,4904,-1
GEMEINDE,08215109,"Stutensee, Stadt",08215109,,36,36,0,36,36,0,12799,12800,1,12654,12654,0,12731,12731,0
GEMEINDE,08216015,"Gaggenau, Stadt",08216015,,32,32,0,32,32,0,14076,14076,0,13942,13942,0,13974,13975,1
GEMEINDE,08216017,"Gernsbach, Stadt",08216017,,14,14,0,14,14,0,7035,7035,0,6963,6964,1,6993,6993,0
GEMEINDE,08216039,Ötigheim,08216039,,4,4,0,4,4,0,2806,2806,0,2784,2785,1,2789,2789,0
GEMEINDE,08216049,Sinzheim,08216049,,14,14,0,14,14,0,6012,6012,0,5962,5962,0,5982,5983,1
GEMEINDE,08221000,"Heidelberg, Stadt",08221000,,149,149,0,149,149,0,72563,72550,-13,72117,72116,-1,72322,72331,9
GEMEINDE,08225033,Haßmersheim,08225033,,6,6,0,6,6,0,2474,2474,0,2448,2447,-1,2455,2454,-1
GEMEINDE,08225058,"Mosbach, Stadt",08225058,,20,20,0,20,20,0,10594,10597,3,10502,10506,4,10508,10507,-1
GEMEINDE,08225060,Mudau,08225060,,10,10,0,10,10,0,3071,3071,0,3041,3042,1,3045,3045,0
GEMEINDE,08225091,Seckach,08225091,,5,5,0,5,5,0,2065,2065,0,2048,2047,-1,2051,2051,0
GEMEINDE,08225117,Elztal,08225117,,6,6,0,6,6,0,3309,3310,1,3270,3271,1,3275,3276,1
GEMEINDE,08225118,Waldbrunn,08225118,,7,7,0,7,7,0,2696,2696,0,2666,2667,1,2676,2676,0
GEMEINDE,08226020,Eschelbronn,08226020,,2,2,0,2,2,0,1425,1425,0,1410,1411,1,1416,1416,0
GEMEINDE,08226028,Heddesheim,08226028,,18,18,0,18,18,0,6205,6207,2,6151,6152,1,6169,6169,0
GEMEINDE,08226048,Mauer,08226048,,4,4,0,4,4,0,2399,2399,0,2382,2382,0,2387,2388,1
GEMEINDE,08226049,Meckesheim,08226049,,4,4,0,4,4,0,2869,2869,0,2845,2842,-3,2852,2849,-3
GEMEINDE,08226063,Plankstadt,08226063,,15,15,0,15,15,0,5524,5524,0,5464,5463,-1,5483,5482,-1
GEMEINDE,08226066,Reichartshausen,08226066,,2,2,0,2,2,0,1183,1178,-5,1173,1173,0,1171,1171,0
GEMEINDE,08226085,"Sinsheim, Stadt",08226085,,43,43,0,43,43,0,16776,16776,0,16613,16611,-2,16630,16630,0
GEMEINDE,08226091,"Waibstadt, Stadt",08226091,,5,5,0,5,5,0,2768,2768,0,2744,2744,0,2750,2751,1
GEMEINDE,08226098,"Wiesloch, Stadt",08226098,,22,22,0,22,22,0,12769,12769,0,12679,12678,-1,12701,12700,-1
GEMEINDE,08226103,St. Leon-Rot,08226103,,12,12,0,12,12,0,7561,7561,0,7446,7449,3,7480,7480,0
GEMEINDE,08231000,"Pforzheim, Stadt",08231000,,105,105,0,105,105,0,40824,40827,3,40395,40395,0,40575,40577,2
GEMEINDE,08235020,Ebhausen,08235020,,7,7,0,7,7,0,2424,2424,0,2397,2397,0,2413,2414,1
GEMEINDE,08235032,"Haiterbach, Stadt",08235032,,6,6,0,6,6,0,2776,2776,0,2750,2749,-1,2761,2762,1
GEMEINDE,08235046,"Nagold, Stadt",08235046,,34,34,0,34,34,0,10698,10699,1,10585,10588,3,10613,10615,2
GEMEINDE,08235080,"Wildberg, Stadt",08235080,,10,10,0,10,10,0,5618,5618,0,5562,5563,1,5582,5583,1
GEMEINDE,08236004,Birkenfeld,08236004,,11,11,0,11,11,0,5100,5100,0,5058,5058,0,5068,5069,1
GEMEINDE,08236013,Engelsbrand,08236013,,4,4,0,4,4,0,2463,2463,0,2428,2428,0,2444,2445,1
GEMEINDE,08236030,Ispringen,08236030,,5,5,0,5,5,0,2827,2827,0,2798,2798,0,2808,2809,1
GEMEINDE,08236050,Ötisheim,08236050,,3,3,0,3,3,0,2559,2559,0,2536,2538,2,2543,2543,0
GEMEINDE,08236070,Keltern,08236070,,10,10,0,10,10,0,5276,5275,-1,5233,5233,0,5254,5254,0
GEMEINDE,08236071,Remchingen,08236071,,8,8,0,8,8,0,6527,6527,0,6455,6456,1,6481,6482,1
GEMEINDE,08237004,Baiersbronn,08237004,,16,16,0,16,16,0,7445,7445,0,7389,7390,1,7411,7412,1
GEMEINDE,08237019,"Dornstetten, Stadt",08237019,,7,7,0,7,7,0,4068,4068,0,4037,4038,1,4051,4050,-1
GEMEINDE,08237024,Empfingen,08237024,,4,4,0,4,4,0,2236,2236,0,2210,2211,1,2223,2223,0
GEMEINDE,08237028,"Freudenstadt, Stadt",08237028,,23,23,0,23,23,0,10863,10863,0,10771,10775,4,10797,10799,2
GEMEINDE,08237032,Grömbach,08237032,,1,1,0,1,1,0,267,267,0,267,267,0,265,266,1
GEMEINDE,08237040,"Horb am Neckar, Stadt",08237040,,30,30,0,30,30,0,12591,12591,0,12467,12469,2,12512,12512,0
GEMEINDE,08237045,Loßburg,08237045,,11,11,0,11,11,0,4501,4501,0,4475,4475,0,4478,4479,1
GEMEINDE,08237054,Pfalzgrafenweiler,08237054,,11,11,0,11,11,0,3676,3676,0,3651,3652,1,3660,3660,0
GEMEINDE,08237061,Schopfloch,08237061,,4,4,0,4,4,0,1567,1567,0,1558,1558,0,1561,1562,1
GEMEINDE,08237074,Waldachtal,08237074,,6,6,0,6,6,0,3240,3240,0,3201,3202,1,3218,3218,0
GEMEINDE,08311000,"Freiburg im Breisgau, Stadt",08311000,,164,164,0,164,164,0,78356,78358,2,77866,77871,5,78040,78044,4
GEMEINDE,08315007,Badenweiler,08315007,,6,6,0,6,6,0,2199,2199,0,2168,2169,1,2183,2184,1
GEMEINDE,08315015,"Breisach am Rhein, Stadt",08315015,,12,12,0,12,12,0,7738,7738,0,7642,7643,1,7681,7682,1
GEMEINDE,08315030,Eichstetten am Kaiserstuhl,08315030,,3,3,0,3,3,0,2093,2093,0,2052,2054,2,2076,2077,1
GEMEINDE,08315073,Merzhausen,08315073,,6,6,0,6,6,0,3403,3403,0,3371,3371,0,3396,3397,1
GEMEINDE,08315133,"Vogtsburg im Kaiserstuhl, Stadt",08315133,,8,8,0,8,8,0,3624,3593,-31,3559,3559,0,3575,3575,0
GEMEINDE,08316011,"Emmendingen, Stadt",08316011,,30,30,0,30,30,0,14163,14163,0,14057,14058,1,14080,14080,0
GEMEINDE,08316012,"Endingen am Kaiserstuhl, Stadt",08316012,,12,12,0,12,12,0,5801,5801,0,5755,5756,1,5760,5760,0
GEMEINDE,08316013,Forchheim,08316013,,2,2,0,2,2,0,833,830,-3,828,828,0,827,827,0
GEMEINDE,08316039,Sexau,08316039,,3,3,0,3,3,0,2117,2117,0,2105,2106,1,2110,2110,0
GEMEINDE,08316042,Simonswald,08316042,,4,4,0,4,4,0,1803,1785,-18,1777,1777,0,1772,1772,0
GEMEINDE,08316054,Freiamt,08316054,,3,3,0,3,3,0,2524,2524,0,2509,2510,1,2511,2511,0
GEMEINDE,08317005,Appenweier,08317005,,8,8,0,8,8,0,5338,5336,-2,5289,5289,0,5301,5303,2
GEMEINDE,08317056,Kappelrodeck,08317056,,5,5,0,5,5,0,3293,3293,0,3263,3264,1,3266,3266,0
GEMEINDE,08317057,"Kehl, Stadt",08317057,,35,35,0,35,35,0,14341,14341,0,14206,14211,5,14210,14211,1
GEMEINDE,08317065,"Lahr/Schwarzwald, Stadt",08317065,,59,59,0,59,59,0,18475,18469,-6,18266,18266,0,18331,18328,-3
GEMEINDE,08317078,Mühlenbach,08317078,,2,2,0,2,2,0,983,977,-6,968,968,0,972,972,0
GEMEINDE,08317096,"Offenburg, Stadt",08317096,,60,60,0,60,60,0,28296,28270,-26,27860,27859,-1,28057,28057,0
GEMEINDE,08317151,Neuried,08317151,,8,8,0,8,8,0,5282,5282,0,5221,5222,1,5250,5252,2
GEMEINDE,08325049,"Rottweil, Stadt",08325049,,25,25,0,25,25,0,12123,12123,0,12033,12037,4,12047,12051,4
GEMEINDE,08325057,"Sulz am Neckar, Stadt",08325057,,15,15,0,15,15,0,6223,6223,0,6169,6170,1,6181,6181,0
GEMEINDE,08326006,"Bräunlingen, Stadt",08326006,,11,11,0,11,11,0,3166,3168,2,3141,3141,0,3153,3153,0
GEMEINDE,08326031,Königsfeld im Schwarzwald,08326031,,10,10,0,10,10,0,3551,3551,0,3514,3515,1,3530,3530,0
GEMEINDE,08326037,Mönchweiler,08326037,,4,4,0,4,4,0,1671,1671,0,1650,1649,-1,1658,1658,0
GEMEINDE,08326052,"St. Georgen im Schwarzwald, Stadt",08326052,,19,19,0,19,19,0,6216,6216,0,6129,6129,0,6169,6168,-1
GEMEINDE,08326074,"Villingen-Schwenningen, Stadt",08326074,,74,74,0,74,74,0,35345,35345,0,34930,34934,4,35080,35083,3
GEMEINDE,08326075,Brigachtal,08326075,,7,7,0,7,7,0,2947,2947,0,2901,2903,2,2931,2933,2
GEMEINDE,08327008,Buchheim,08327008,,2,2,0,2,2,0,457,457,0,449,450,1,452,452,0
GEMEINDE,08335021,Eigeltingen,08335021,,8,8,0,8,8,0,2058,2058,0,2041,2041,0,2040,2041,1
GEMEINDE,08335026,Gailingen am Hochrhein,08335026,,3,3,0,3,3,0,1435,1435,0,1407,1407,0,1410,1416,6
GEMEINDE,08335043,"Konstanz, Universitätsstadt",08335043,,89,89,0,89,89,0,42731,42731,0,42548,42547,-1,42611,42610,-1
GEMEINDE,08335063,"Radolfzell am Bodensee, Stadt",08335063,,43,43,0,43,43,0,16496,16496,0,16366,16365,-1,16408,16412,4
GEMEINDE,08335077,Steißlingen,08335077,,4,4,0,4,4,0,2820,2820,0,2794,2795,1,2803,2804,1
GEMEINDE,08336006,Bad Bellingen,08336006,,6,6,0,6,6,0,2178,2178,0,2149,2151,2,2159,2159,0
GEMEINDE,08336014,Efringen-Kirchen,08336014,,15,15,0,15,15,0,4817,4817,0,4779,4782,3,4790,4790,0
GEMEINDE,08336025,Fröhnd,08336025,,2,2,0,2,2,0,324,323,-1,321,321,0,316,316,0
GEMEINDE,08336034,Hasel,08336034,,2,2,0,2,2,0,619,619,0,610,610,0,610,611,1
GEMEINDE,08336050,"Lörrach, Stadt",08336050,,54,54,0,54,54,0,20668,20667,-1,20514,20515,1,20561,20562,1
GEMEINDE,08336069,"Rheinfelden (Baden), Stadt",08336069,,40,40,0,40,40,0,13734,13734,0,13607,13609,2,13640,13641,1
GEMEINDE,08336078,Schliengen,08336078,,8,8,0,8,8,0,3366,3366,0,3311,3312,1,3336,3337,1
GEMEINDE,08336084,Steinen,08336084,,15,15,0,15,15,0,5364,5364,0,5320,5321,1,5336,5336,0
GEMEINDE,08336090,Utzenfeld,08336090,,2,2,0,2,2,0,346,346,0,342,343,1,343,343,0
GEMEINDE,08336091,"Weil am Rhein, Stadt",08336091,,36,36,0,36,36,0,11816,11816,0,11699,11699,0,11738,11739,1
GEMEINDE,08336105,Grenzach-Wyhlen,08336105,,19,19,0,19,19,0,6210,6210,0,6166,6168,2,6164,6165,1
GEMEINDE,08337013,Bernau im Schwarzwald,08337013,,2,2,0,2,2,0,1049,1049,0,1042,1042,0,1043,1044,1
GEMEINDE,08337022,"Bonndorf im Schwarzwald, Stadt",08337022,,7,7,0,7,7,0,3423,3423,0,3402,3400,-2,3398,3396,-2
GEMEINDE,08337065,Lauchringen,08337065,,10,10,0,10,10,0,3742,3742,0,3719,3718,-1,3721,3721,0
GEMEINDE,08337076,Murg,08337076,,6,6,0,6,6,0,3210,3210,0,3191,3191,0,3193,3194,1
GEMEINDE,08337096,"Bad Säckingen, Stadt",08337096,,15,15,0,15,15,0,7236,7220,-16,7159,7159,0,7169,7169,0
GEMEINDE,08337125,Küssaberg,08337125,,11,11,0,11,11,0,2859,2859,0,2826,2826,0,2834,2835,1
GEMEINDE,08415053,"Münsingen, Stadt",08415053,,16,16,0,16,16,0,7911,7911,0,7815,7820,5,7858,7856,-2
GEMEINDE,08415061,"Reutlingen, Stadt",08415061,,102,102,0,102,102,0,50391,50391,0,49879,49880,1,50124,50124,0
GEMEINDE,08416009,Dettenhausen,08416009,,5,5,0,5,5,0,3204,3206,2,3187,3189,2,3190,3191,1
GEMEINDE,08416025,"Mössingen, Stadt",08416025,,16,16,0,16,16,0,10542,10542,0,10462,10464,2,10483,10484,1
GEMEINDE,08416036,"Rottenburg am Neckar, Stadt",08416036,,42,42,0,42,42,0,23139,23139,0,22949,22948,-1,23013,23013,0
GEMEINDE,08416041,"Tübingen, Universitätsstadt",08416041,,74,74,0,74,74,0,51653,51653,0,51441,51447,6,51547,51548,1
GEMEINDE,08416048,Ammerbuch,08416048,,10,10,0,10,10,0,6731,6816,85,6698,6782,84,6713,6798,85
GEMEINDE,08416050,Starzach,08416050,,6,6,0,6,6,0,2610,2610,0,2569,2570,1,2582,2581,-1
GEMEINDE,08417002,"Balingen, Stadt",08417002,,37,37,0,37,37,0,17681,17683,2,17499,17502,3,17557,17560,3
GEMEINDE,08417008,Bisingen,08417008,,10,10,0,10,10,0,4973,4973,0,4911,4907,-4,4938,4935,-3
GEMEINDE,08417025,"Haigerloch, Stadt",08417025,,14,14,0,14,14,0,5733,5733,0,5658,5659,1,5695,5696,1
GEMEINDE,08417031,"Hechingen, Stadt",08417031,,26,26,0,26,26,0,8587,8587,0,8453,8453,0,8478,8479,1
GEMEINDE,08417054,"Rosenfeld, Stadt",08417054,,11,11,0,11,11,0,3524,3517,-7,3458,3458,0,3486,3486,0
GEMEINDE,08417078,Zimmern unter der Burg,08417078,,2,2,0,2,2,0,290,290,0,284,285,1,286,286,0
GEMEINDE,08417079,"Albstadt, Stadt",08417079,,44,44,0,44,44,0,18928,18928,0,18718,18722,4,18811,18811,0
GEMEINDE,08421000,"Ulm, Universitätsstadt",08421000,,153,153,0,153,153,0,57091,57087,-4,56695,56701,6,56842,56844,2
GEMEINDE,08425020,"Blaubeuren, Stadt",08425020,,18,18,0,18,18,0,6058,6060,2,6030,6031,1,6028,6029,1
GEMEINDE,08425031,Dornstadt,08425031,,14,14,0,14,14,0,4919,4919,0,4872,4873,1,4888,4888,0
GEMEINDE,08425033,"Ehingen (Donau), Stadt",08425033,,39,39,0,39,39,0,13007,13005,-2,12932,12933,1,12921,12921,0
GEMEINDE,08425075,Lonsee,08425075,,10,10,0,10,10,0,2790,2791,1,2768,2769,1,2778,2779,1
GEMEINDE,08425081,"Munderkingen, Stadt",08425081,,4,4,0,4,4,0,2295,2295,0,2275,2275,0,2270,2276,6
GEMEINDE,08425130,Weidenstetten,08425130,,2,2,0,2,2,0,851,851,0,845,845,0,844,843,-1
GEMEINDE,08425138,Staig,08425138,,6,6,0,6,6,0,1939,1939,0,1925,1927,2,1933,1933,0
GEMEINDE,08425139,Heroldstatt,08425139,,2,2,0,2,2,0,1745,1738,-7,1728,1728,0,1730,1730,0
GEMEINDE,08425141,"Blaustein, Stadt",08425141,,17,17,0,17,17,0,8434,8414,-20,8359,8360,1,8381,8381,0
GEMEINDE,08426021,"Biberach an der Riß, Stadt",08426021,,33,33,0,33,33,0,16326,16326,0,16221,16222,1,16234,16234,0
GEMEINDE,08426067,Langenenslingen,08426067,,10,10,0,10,10,0,2077,2077,0,2055,2055,0,2060,2061,1
GEMEINDE,08435005,Bermatingen,08435005,,4,4,0,4,4,0,2313,2313,0,2296,2295,-1,2302,2301,-1
GEMEINDE,08435045,Oberteuringen,08435045,,6,6,0,6,6,0,2706,2706,0,2688,2688,0,2696,2698,2
GEMEINDE,08435067,Deggenhausertal,08435067,,5,5,0,5,5,0,2582,2582,0,2560,2562,2,2563,2563,0
GEMEINDE,08436008,"Aulendorf, Stadt",08436008,,10,10,0,10,10,0,5157,5157,0,5096,5098,2,5118,5120,2
GEMEINDE,08436009,"Bad Waldsee, Stadt",08436009,,22,22,0,22,22,0,10937,10937,0,10831,10831,0,10886,10885,-1
GEMEINDE,08436032,Fleischwangen,08436032,,2,2,0,2,2,0,426,423,-3,419,419,0,420,420,0
GEMEINDE,08436052,Kißlegg,08436052,,10,10,0,10,10,0,5156,5156,0,5107,5108,1,5123,5123,0
GEMEINDE,08436064,"Ravensburg, Stadt",08436064,,50,50,0,50,50,0,24626,24627,1,24340,24340,0,24467,24467,0
GEMEINDE,08436081,"Wangen im Allgäu, Stadt",08436081,,26,26,0,26,26,0,14217,14218,1,14068,14068,0,14145,14146,1
GEMEINDE,08436082,"Weingarten, Stadt",08436082,,22,22,0,22,22,0,11339,11339,0,11242,11243,1,11286,11286,0
GEMEINDE,08436085,Wolfegg,08436085,,6,6,0,6,6,0,2270,2270,0,2251,2252,1,2262,2262,0
GEMEINDE,08437005,Beuron,08437005,,2,2,0,2,2,0,396,396,0,392,392,0,394,395,1
GEMEINDE,08437031,"Gammertingen, Stadt",08437031,,8,8,0,8,8,0,3184,3184,0,3154,3154,0,3156,3157,1
GEMEINDE,08437072,Leibertingen,08437072,,5,5,0,5,5,0,1453,1453,0,1433,1432,-1,1435,1434,-1
GEMEINDE,08437088,"Pfullendorf, Stadt",08437088,,13,13,0,13,13,0,5741,5741,0,5681,5681,0,5696,5697,1
GEMEINDE,08437100,"Bad Saulgau, Stadt",08437100,,23,23,0,23,23,0,8900,8906,6,8797,8799,2,8805,8813,8
GEMEINDE,08437101,"Scheer, Stadt",08437101,,3,3,0,3,3,0,1298,1298,0,1281,1282,1,1279,1280,1
GEMEINDE,08437107,Stetten am kalten Markt,08437107,,6,6,0,6,6,0,2758,2758,0,2723,2724,1,2735,2735,0
GEMEINDE,08437124,Herdwangen-Schönach,08437124,,6,6,0,6,6,0,1941,1941,0,1921,1921,0,1921,1922,1
