row_key,ags,municipality_name,gebietsart,gebietsnummer,wahlkreisnummer,wahlbezirk_name,wahllokal,reported_precincts,total_precincts,voters_total,valid_votes_erst,valid_votes_zweit,voters_total_2021,valid_votes_erst_2021,valid_votes_zweit_2021,delta_voters_total_vs_2021,delta_valid_votes_erst_vs_2021,delta_valid_votes_zweit_vs_2021,payload_hash,is_municipality_summary
lsa:GEMEINDE:15001000,15001000,"Dessau-Roßlau, Stadt",GEMEINDE,15001000,,,,0,79,0,0,0,,,,,,,aaad34b65134814eade1c3f4beacc6524a48a5a4b5085dcb5b302d65c0d23a57,True
lsa:GEMEINDE:15002000,15002000,"Halle (Saale), Stadt",GEMEINDE,15002000,,,,0,186,0,0,0,,,,,,,842e29d58ddddb859c0ec1acc1e51544cd45e2ab8bda6526775dbb57ae9fcf40,True
lsa:GEMEINDE:15003000,15003000,"Magdeburg, Landeshauptstadt",GEMEINDE,15003000,,,,0,218,0,0,0,,,,,,,d133dcc2a0f1565c1b3633546279fe6944a13c64b7f2ee94e9cac73d2c97ea72,True
lsa:GEMEINDE:15081026,15081026,"Apenburg-Winterfeld, Flecken",GEMEINDE,15081026,,,,0,4,0,0,0,,,,,,,a5f2069d6bbb64456450af00a20552599513f54026b5a268da3432e478bad31b,True
lsa:GEMEINDE:15081030,15081030,"Arendsee (Altmark), Stadt",GEMEINDE,15081030,,,,0,17,0,0,0,,,,,,,f3574d4d7e1ff926ca7826640a472978141d6daf1fcdc247eab74575bb22cc96,True
lsa:GEMEINDE:15081045,15081045,Beetzendorf,GEMEINDE,15081045,,,,0,7,0,0,0,,,,,,,78a41d4722caeda5763dd5d268c9b0ee1a433ea701a1167745f33524db16bb62,True
lsa:GEMEINDE:15081095,15081095,Dähre,GEMEINDE,15081095,,,,0,3,0,0,0,,,,,,,8ea9cd758fe986b66a3aaca196dbf1288e23df47093004ac31ff7bbf00415de7,True
lsa:GEMEINDE:15081105,15081105,"Diesdorf, Flecken",GEMEINDE,15081105,,,,0,2,0,0,0,,,,,,,10c5a751c1e5b35e4483b3ad1ccf06fbe61704370fedf5a4950800bc68ee3478,True
lsa:GEMEINDE:15081135,15081135,"Gardelegen, Hansestadt",GEMEINDE,15081135,,,,0,40,0,0,0,,,,,,,b84ed5ace13d9893e3f9ed46f6074806811f244ab930b04ba421f4bf5d760079,True
lsa:GEMEINDE:15081225,15081225,Jübar,GEMEINDE,15081225,,,,0,6,0,0,0,,,,,,,4e0defb67a289fdbc451f8e7d31ff250d29c372f68b6531658816377d63e59c8,True
lsa:GEMEINDE:15081240,15081240,"Kalbe (Milde), Stadt",GEMEINDE,15081240,,,,0,18,0,0,0,,,,,,,391772455a30848f3087d3216db85e50d5c20ab4316bbe0f78fd6e91d879887b,True
lsa:GEMEINDE:15081280,15081280,"Klötze, Stadt",GEMEINDE,15081280,,,,0,19,0,0,0,,,,,,,a7b51221bf1747535072601b541c7ffe288420241954a22c0bc72255a08e7626,True
lsa:GEMEINDE:15081290,15081290,Kuhfelde,GEMEINDE,15081290,,,,0,4,0,0,0,,,,,,,e1ad25cd267e7cf81befd5b85ce5079cb730834ac70a89faf6d554cc25a459f8,True
lsa:GEMEINDE:15081440,15081440,Rohrberg,GEMEINDE,15081440,,,,0,4,0,0,0,,,,,,,75005ffce6097fef151b6e384bd3a1521005602703d3ecb6bf6c6ffc7d948606,True
lsa:GEMEINDE:15081455,15081455,"Salzwedel, Hansestadt",GEMEINDE,15081455,,,,0,25,0,0,0,,,,,,,5202b5017e07564896b1f62ae3008b034df869913aaab356b328c5926d599ef5,True
lsa:GEMEINDE:15081545,15081545,Wallstawe,GEMEINDE,15081545,,,,0,3,0,0,0,,,,,,,4a3c83557b71e609124f076c43d19adddb26e0d7a1ce6c336b45582eb14fe658,True
lsa:GEMEINDE:15082005,15082005,"Aken (Elbe), Stadt",GEMEINDE,15082005,,,,0,9,0,0,0,,,,,,,feff8f3e1148bd5853f5abd6272d492b86a84aa669bd5bbc7a426d561899f596,True
lsa:GEMEINDE:15082015,15082015,"Bitterfeld-Wolfen, Stadt",GEMEINDE,15082015,,,,0,31,0,0,0,,,,,,,a293106eb22f85dddcbb51b708e4fc293af296d3ec01b4396fc7f8b452e00107,True
lsa:GEMEINDE:15082180,15082180,"Köthen (Anhalt), Stadt",GEMEINDE,15082180,,,,0,24,0,0,0,,,,,,,a55e6bd97bc4abd7c686c868b4f38b94af673deceddcb7af9f44d9033dbd7a99,True
lsa:GEMEINDE:15082241,15082241,Muldestausee,GEMEINDE,15082241,,,,0,16,0,0,0,,,,,,,67261987deaeab9f9a33b18f8203b6625aabd562b3b38d404e3bbbacb2afd3c2,True
lsa:GEMEINDE:15082256,15082256,Osternienburger Land,GEMEINDE,15082256,,,,0,19,0,0,0,,,,,,,a4b557a142faf911052c2b83a36a5c744274e02ae816e67ce4b88a96b8a6ab1d,True
lsa:GEMEINDE:15082301,15082301,"Raguhn-Jeßnitz, Stadt",GEMEINDE,15082301,,,,0,11,0,0,0,,,,,,,202ec90f3703479aa089f2a9da29203867d4058f0ef6b46e5914b4a37dd07859,True
lsa:GEMEINDE:15082340,15082340,"Sandersdorf-Brehna, Stadt",GEMEINDE,15082340,,,,0,17,0,0,0,,,,,,,add9a1e278b0703e28d29d708865946d7891395709195cce5483ed6de830219b,True
lsa:GEMEINDE:15082377,15082377,"Südliches Anhalt, Stadt",GEMEINDE,15082377,,,,0,28,0,0,0,,,,,,,97fa20a8560463b9c1a0d5d23befad1de2fa6d6309b94e1a187527fe7ebeecad,True
lsa:GEMEINDE:15082430,15082430,"Zerbst/Anhalt, Stadt",GEMEINDE,15082430,,,,0,36,0,0,0,,,,,,,dbb26630570b4efd358611ba1ade77e36f9fea46d8a91e637a4ca4a2d7d14565,True
lsa:GEMEINDE:15082440,15082440,"Zörbig, Stadt",GEMEINDE,15082440,,,,0,13,0,0,0,,,,,,,aa7988952faa0aada05b0c2520d76e26fa82eb7198047b9dd4b1cc346e862ba0,True
lsa:GEMEINDE:15083020,15083020,Altenhausen,GEMEINDE,15083020,,,,0,4,0,0,0,,,,,,,22ded76fe6994167d23b752d2584a1753e770ca48ebf00d1bd660ddc123323ab,True
lsa:GEMEINDE:15083025,15083025,Am Großen Bruch,GEMEINDE,15083025,,,,0,5,0,0,0,,,,,,,5cd2e566fdbc626afc5175e5607ffeeb9ad2feb248400b2b8483d31a22389f54,True
lsa:GEMEINDE:15083030,15083030,Angern,GEMEINDE,15083030,,,,0,5,0,0,0,,,,,,,178a5957c3988badde7c38361cb0bd0ae3977c3dc235ba6715ac177fc63e06b2,True
lsa:GEMEINDE:15083035,15083035,Ausleben,GEMEINDE,15083035,,,,0,3,0,0,0,,,,,,,9545295c37e6d74efd348ff4b4a7a254b6bb69531cf308b11fe2623d963a0f0c,True
lsa:GEMEINDE:15083040,15083040,Barleben,GEMEINDE,15083040,,,,0,8,0,0,0,,,,,,,432bacb01f84af435020348188820623e186fb7d435e133ae1f1e676220560e5,True
lsa:GEMEINDE:15083060,15083060,Beendorf,GEMEINDE,15083060,,,,0,2,0,0,0,,,,,,,850a94e808b032fc17a0a44c73476e80482c4057aaae87ffe61ab43d6eb1fac3,True
lsa:GEMEINDE:15083115,15083115,Bülstringen,GEMEINDE,15083115,,,,0,3,0,0,0,,,,,,,81e99e83fb9de3fc335251a98e1f2abbb4610d58ed1f81bb2c176287a6fcab9a,True
lsa:GEMEINDE:15083120,15083120,Burgstall,GEMEINDE,15083120,,,,0,5,0,0,0,,,,,,,19ca7f67100ede4ac3c8a5d804a14d07e98b621e34e69c4a5a5d48c51ec751ef,True
lsa:GEMEINDE:15083125,15083125,Calvörde,GEMEINDE,15083125,,,,0,9,0,0,0,,,,,,,a4b92fa75a692d961af3f396d229502055557c2805ed351cab7775d6ca301752,True
lsa:GEMEINDE:15083130,15083130,Colbitz,GEMEINDE,15083130,,,,0,4,0,0,0,,,,,,,b8733b121f1838ba79e37e676d3600e53110d0b54197ad9c046c5284b13c2954,True
lsa:GEMEINDE:15083190,15083190,Eilsleben,GEMEINDE,15083190,,,,0,6,0,0,0,,,,,,,2bcad94b8dcdab6626401fe6e7acbcda9871fa79d495ba066f0990e4fb6a2521,True
lsa:GEMEINDE:15083205,15083205,Erxleben,GEMEINDE,15083205,,,,0,6,0,0,0,,,,,,,aa90d9e652ca1392baf2816b0ba7cfa6b56f51c9ce9c1f37a9cedae2f7dbc88b,True
lsa:GEMEINDE:15083230,15083230,Flechtingen,GEMEINDE,15083230,,,,0,5,0,0,0,,,,,,,51d70d8dc6782b0324a0132e7aaadc7a62a09ee3d2b24de8d37db48754516c3f,True
lsa:GEMEINDE:15083245,15083245,"Gröningen, Stadt",GEMEINDE,15083245,,,,0,6,0,0,0,,,,,,,fe824a57b30267a38e9225f575df7d10ba9c32db2bf8696c5a33007465433ba5,True
lsa:GEMEINDE:15083270,15083270,"Haldensleben, Stadt",GEMEINDE,15083270,,,,0,17,0,0,0,,,,,,,d81c6795a32a393bb66cef6a2776abf0a5830a5576060e7500c2a79b08f52e4e,True
lsa:GEMEINDE:15083275,15083275,Harbke,GEMEINDE,15083275,,,,0,2,0,0,0,,,,,,,9bae25fe92642ad62d53b2d429ecc7b7657a337f4d9fc5e7f7772f46a4f97171,True
lsa:GEMEINDE:15083298,15083298,Hohe Börde,GEMEINDE,15083298,,,,0,20,0,0,0,,,,,,,3362671b26f6f22762600515d84139c2e4774bf51c3f8f8b9394b996ec2f1eaf,True
lsa:GEMEINDE:15083320,15083320,Hötensleben,GEMEINDE,15083320,,,,0,5,0,0,0,,,,,,,dfdc0073dc1b37e5ddde795b3111fcc89cabb997204b0bee0c05d18601849e6e,True
lsa:GEMEINDE:15083323,15083323,Ingersleben,GEMEINDE,15083323,,,,0,5,0,0,0,,,,,,,ebe18d8fe8640ef453f0b89a20177ce770b515c5ac7b81e5f2f7c7c7cff58316,True
lsa:GEMEINDE:15083355,15083355,"Kroppenstedt, Stadt",GEMEINDE,15083355,,,,0,2,0,0,0,,,,,,,6f90a6f5240e8fae6f21ea3ded46ae84943c3f547b9b0ec90a518e0f23d11561,True
lsa:GEMEINDE:15083361,15083361,Loitsche-Heinrichsberg,GEMEINDE,15083361,,,,0,3,0,0,0,,,,,,,f62298c0187bf36be7b08d1b3cd51a3fa6beab3b21a37a2ceeb473f617c53eb2,True
lsa:GEMEINDE:15083390,15083390,Niedere Börde,GEMEINDE,15083390,,,,0,10,0,0,0,,,,,,,5c752d1d7dd845564f0654bece12e8e33a50355e7727c5ae953bed29676c391f,True
lsa:GEMEINDE:15083411,15083411,"Oebisfelde-Weferlingen, Stadt",GEMEINDE,15083411,,,,0,28,0,0,0,,,,,,,e41f0f7ea0cd79ff54022b338b36102a108d0524497e593bdc55e6e6c2568693,True
lsa:GEMEINDE:15083415,15083415,"Oschersleben (Bode), Stadt",GEMEINDE,15083415,,,,0,21,0,0,0,,,,,,,fb4e581bdd4f2eb04c2f1c440577cf883fc795099285516eb6caaaf6e023645e,True
lsa:GEMEINDE:15083440,15083440,Rogätz,GEMEINDE,15083440,,,,0,2,0,0,0,,,,,,,916a48489478919e168b3bff22a178a71c904a0e05d2be5eec37f79be66769de,True
lsa:GEMEINDE:15083485,15083485,Sommersdorf,GEMEINDE,15083485,,,,0,4,0,0,0,,,,,,,fa0c727f11b223b970508f832341aa6a77d356291bd093419bc3c6e710632f96,True
lsa:GEMEINDE:15083490,15083490,Sülzetal,GEMEINDE,15083490,,,,0,9,0,0,0,,,,,,,420b06805996c04111a06a9f82a86c0a466772546431c90e1c4283bb913f6d98,True
lsa:GEMEINDE:15083505,15083505,Ummendorf,GEMEINDE,15083505,,,,0,2,0,0,0,,,,,,,cae10c2ca8e5d43ca6c429f99ec3ec2b68e20512f565211ee3e7641a69ea81ad,True
lsa:GEMEINDE:15083515,15083515,Völpke,GEMEINDE,15083515,,,,0,3,0,0,0,,,,,,,cff8d2428c270a3b50786a9443360cfe9275194334f54a65b7b414274f8beb2d,True
lsa:GEMEINDE:15083531,15083531,"Wanzleben-Börde, Stadt",GEMEINDE,15083531,,,,0,18,0,0,0,,,,,,,d4b78d0cf24ffa11b2bcb4e2e04e09a1744efe86dc027aedf9f0a3240d7f0533,True
lsa:GEMEINDE:15083535,15083535,Wefensleben,GEMEINDE,15083535,,,,0,2,0,0,0,,,,,,,80f5c11131468705d77e9604952b4ba2da84edd0b2f4632d929113af39c8624b,True
lsa:GEMEINDE:15083557,15083557,Westheide,GEMEINDE,15083557,,,,0,5,0,0,0,,,,,,,4739b3ca00ce9c3b381b7fd593a6198748945658d4a35e61ad6010d35243f021,True
lsa:GEMEINDE:15083565,15083565,"Wolmirstedt, Stadt",GEMEINDE,15083565,,,,0,12,0,0,0,,,,,,,aeff90f27b1a4fab17245f1baf890cd1274254c813e57beb612878ff2d853e5a,True
lsa:GEMEINDE:15083580,15083580,Zielitz,GEMEINDE,15083580,,,,0,3,0,0,0,,,,,,,87962a27304edd61631c9d8364588fa77fe1073f39f9c9b7403b5e9d6284bcef,True
lsa:GEMEINDE:15084012,15084012,An der Poststraße,GEMEINDE,15084012,,,,0,4,0,0,0,,,,,,,af97174dfe52fc6ed6ffe3e987878fdbf35d43c3bf42776b4e2f4e9000ba1584,True
lsa:GEMEINDE:15084013,15084013,Meineweh,GEMEINDE,15084013,,,,0,3,0,0,0,,,,,,,b30910a97effb032741903958e8625a53e08c5b903ae88acec46c68ce1aff3cd,True
lsa:GEMEINDE:15084015,15084015,"Bad Bibra, Stadt",GEMEINDE,15084015,,,,0,3,0,0,0,,,,,,,c04f263430619477a69341e1018e6a2f5446e48edcb714f1e5fe8265af8bcd93,True
lsa:GEMEINDE:15084025,15084025,Balgstädt,GEMEINDE,15084025,,,,0,4,0,0,0,,,,,,,5140117e44c1946f0463f566807a1154571ed428a0a0cded665d92a11231e7f4,True
lsa:GEMEINDE:15084115,15084115,Droyßig,GEMEINDE,15084115,,,,0,3,0,0,0,,,,,,,4c2bef3ac61374f20b332ebd6e2195972b1bd4964ed6f840928588ac80109918,True
lsa:GEMEINDE:15084125,15084125,"Eckartsberga, Stadt",GEMEINDE,15084125,,,,0,4,0,0,0,,,,,,,9f515ac682ba9a2b8024df50cef798ffd2bda2442e7d11f65bbd0a46ac307432,True
lsa:GEMEINDE:15084130,15084130,Elsteraue,GEMEINDE,15084130,,,,0,13,0,0,0,,,,,,,49135c20ec853f0f701b1264f9f30fc362db0226bb47e54f8842bf4f62bd6e8f,True
lsa:GEMEINDE:15084132,15084132,Finne,GEMEINDE,15084132,,,,0,3,0,0,0,,,,,,,134f3a47167d23609b4b54b86e704eceb096a21926f08371460d4cfad1c991e3,True
lsa:GEMEINDE:15084133,15084133,Finneland,GEMEINDE,15084133,,,,0,3,0,0,0,,,,,,,7be626e283d0eaa1fe31460be8c881f524ecb21ed6cbd629243fb25fa2f8c2ac,True
lsa:GEMEINDE:15084135,15084135,"Freyburg (Unstrut), Stadt",GEMEINDE,15084135,,,,0,7,0,0,0,,,,,,,598ef416737b487356dc12f1573c87059b99c4ccb6f867bfa73ad735e167e958,True
lsa:GEMEINDE:15084150,15084150,Gleina,GEMEINDE,15084150,,,,0,4,0,0,0,,,,,,,f0a5b30802f5b5a5cc153cc0d478ebe9477307ecc4c16f35666aa5bf42dfead4,True
lsa:GEMEINDE:15084170,15084170,Goseck,GEMEINDE,15084170,,,,0,3,0,0,0,,,,,,,c7e396c106a214c62581b907960817c6772a0f92c548cfd616549daa83dd0ec1,True
lsa:GEMEINDE:15084207,15084207,Gutenborn,GEMEINDE,15084207,,,,0,5,0,0,0,,,,,,,4ae59b589e752e952ed581369b780eb94000e5f9909810ba4930c31241cdd4ac,True
lsa:GEMEINDE:15084235,15084235,"Hohenmölsen, Stadt",GEMEINDE,15084235,,,,0,13,0,0,0,,,,,,,7f7db983c0532301b443d63ab0e41e08607a5b9889618329df0b7b33584a6d25,True
lsa:GEMEINDE:15084246,15084246,Kaiserpfalz,GEMEINDE,15084246,,,,0,3,0,0,0,,,,,,,654c42be5b353ec9b9e62e1ec133074cc49293b20a2c8c86b9c7ffe2ab7c4f52,True
lsa:GEMEINDE:15084250,15084250,Karsdorf,GEMEINDE,15084250,,,,0,4,0,0,0,,,,,,,eb45bf8a94609e09d64d76b03ee20327d20c7378bb2e1096cfab4d95619182e7,True
lsa:GEMEINDE:15084275,15084275,Kretzschau,GEMEINDE,15084275,,,,0,6,0,0,0,,,,,,,34be7bd231c95feb3cd95cf8b9176bab171f2144c120a8a9e176b444d12d7579,True
lsa:GEMEINDE:15084282,15084282,Lanitz-Hassel-Tal,GEMEINDE,15084282,,,,0,3,0,0,0,,,,,,,693d0d6e8ac79f4156e7d5f9cd1b16424c5bd2f0bab921cc34dee331493735e4,True
lsa:GEMEINDE:15084285,15084285,"Laucha an der Unstrut, Stadt",GEMEINDE,15084285,,,,0,5,0,0,0,,,,,,,c46bcf488255f3512e3f6ea43ce0ffc4dac41cda07fbc992071292bc62cdca1c,True
lsa:GEMEINDE:15084315,15084315,"Lützen, Stadt",GEMEINDE,15084315,,,,0,22,0,0,0,,,,,,,7ca18742198dbc658e960973014b6a17224de2b6180e3740f488e623541ddae3,True
lsa:GEMEINDE:15084335,15084335,Mertendorf,GEMEINDE,15084335,,,,0,3,0,0,0,,,,,,,ae7a8203b8e4c467a81d5921a9ea02f6fad25a5b069dd2a7d0aa200ccd744252,True
lsa:GEMEINDE:15084341,15084341,Molauer Land,GEMEINDE,15084341,,,,0,2,0,0,0,,,,,,,ce92b5fa63a7965d6b65e03497d6be4117d9a8e17277744ca018342ba747ec2b,True
lsa:GEMEINDE:15084355,15084355,"Naumburg (Saale), Stadt",GEMEINDE,15084355,,,,0,31,0,0,0,,,,,,,cc454e993ca3872b17ddb05a97547602935ce61c609ecf9ea2b3c9492ecb4641,True
lsa:GEMEINDE:15084360,15084360,"Nebra (Unstrut), Stadt",GEMEINDE,15084360,,,,0,4,0,0,0,,,,,,,8b56d35d7984eeb441986710b8cc952a40ec9cc3789812990ec6ff31b4e5a0dc,True
lsa:GEMEINDE:15084375,15084375,"Osterfeld, Stadt",GEMEINDE,15084375,,,,0,3,0,0,0,,,,,,,9970308d353143236e511dfc4095c59cc87afbc77a57a5cd4594a65a747ac589,True
lsa:GEMEINDE:15084442,15084442,Schnaudertal,GEMEINDE,15084442,,,,0,6,0,0,0,,,,,,,72c008d4ea1df8c46011e844685d3bf5e58c612232ea28011f2f2f61874edfd0,True
lsa:GEMEINDE:15084445,15084445,Schönburg,GEMEINDE,15084445,,,,0,2,0,0,0,,,,,,,e8abf962e35fe40f010535918d54d200494dab8fadfe0d0247c3309873fe5bc3,True
lsa:GEMEINDE:15084470,15084470,"Stößen, Stadt",GEMEINDE,15084470,,,,0,2,0,0,0,,,,,,,9ad6c23a3eeb7c574f45f3ce664385ffaab536720737886bdde3d41e7d13a314,True
lsa:GEMEINDE:15084490,15084490,"Teuchern, Stadt",GEMEINDE,15084490,,,,0,11,0,0,0,,,,,,,7f1fb0b35cb51322a436915fa9f4a3ef3c2047f19fdc70a1f03f750586b35da1,True
lsa:GEMEINDE:15084550,15084550,"Weißenfels, Stadt",GEMEINDE,15084550,,,,0,39,0,0,0,,,,,,,c0da6befa49b132b40ae8169866bc81c448f3bf4b4c521551c578259ace7675f,True
lsa:GEMEINDE:15084560,15084560,Wethau,GEMEINDE,15084560,,,,0,2,0,0,0,,,,,,,a5cfd9cc1d256d04028bfbdbe482e08b4f48f87f77d341ae326d8161c1eb1f8f,True
lsa:GEMEINDE:15084565,15084565,Wetterzeube,GEMEINDE,15084565,,,,0,4,0,0,0,,,,,,,66eeea5ffb0a02fbbce29365af77c9c1b7aceda723872f0b17b9cf11cab1f6c2,True
lsa:GEMEINDE:15084590,15084590,"Zeitz, Stadt",GEMEINDE,15084590,,,,0,29,0,0,0,,,,,,,72eeccf0bba9844b608369e32471d5254f8d2aa9650a4e0fcd58639840323dc7,True
lsa:GEMEINDE:15085040,15085040,"Ballenstedt, Stadt",GEMEINDE,15085040,,,,0,9,0,0,0,,,,,,,189c5fdd422445199a6cb8ef57aac7e02c9b5c6525d166cc998a5b409d7371ea,True
lsa:GEMEINDE:15085055,15085055,"Blankenburg (Harz), Stadt",GEMEINDE,15085055,,,,0,20,0,0,0,,,,,,,873c7ff8541c35da3f6bc5637c3771e1303bbf3c1835562b5f40ef904375ed60,True
lsa:GEMEINDE:15085090,15085090,Ditfurt,GEMEINDE,15085090,,,,0,2,0,0,0,,,,,,,e7426a63af4ea85db83a1ca1bf34d571c7259adac7c85acc643bdd2eab2bc798,True
lsa:GEMEINDE:15085110,15085110,"Falkenstein/Harz, Stadt",GEMEINDE,15085110,,,,0,9,0,0,0,,,,,,,a5c379e0fe57b1309045cd33913f6a76864f8b0cad7358d7b3b001b732b63854,True
lsa:GEMEINDE:15085125,15085125,Groß Quenstedt,GEMEINDE,15085125,,,,0,2,0,0,0,,,,,,,ac900d4a250dc60383849eac207cc54c784789dba8a2c361469d1475bceb0d9e,True
lsa:GEMEINDE:15085135,15085135,"Halberstadt, Stadt",GEMEINDE,15085135,,,,0,31,0,0,0,,,,,,,4ded56acde1b9278b36d18d8af5df743dad940fc9b88b8d537c83cdf9fde7367,True
lsa:GEMEINDE:15085140,15085140,Harsleben,GEMEINDE,15085140,,,,0,2,0,0,0,,,,,,,35b8a90a8ee76fa60a4f019196659bb419c6025da309a8d7e84800c345737179,True
lsa:GEMEINDE:15085145,15085145,"Harzgerode, Stadt",GEMEINDE,15085145,,,,0,13,0,0,0,,,,,,,2e75d5b68b7d937ca6d09fecb30e9930aed710846b67a5df3f05ba259b92845a,True
lsa:GEMEINDE:15085160,15085160,Hedersleben,GEMEINDE,15085160,,,,0,2,0,0,0,,,,,,,43eb680baf7317c64499848429c73c89984d8229a0f1ce3ad7ea968cecc802b4,True
lsa:GEMEINDE:15085185,15085185,Huy,GEMEINDE,15085185,,,,0,12,0,0,0,,,,,,,834dad36e91bea0d9e5e54e3d5dc6cba6019324ccf608b3431c6f68777818d84,True
lsa:GEMEINDE:15085190,15085190,"Ilsenburg (Harz), Stadt",GEMEINDE,15085190,,,,0,9,0,0,0,,,,,,,a8d64f3ab2f75a8ae46f720935910f0fffa3cd6684af533d2232eb40e8628822,True
lsa:GEMEINDE:15085227,15085227,Nordharz,GEMEINDE,15085227,,,,0,9,0,0,0,,,,,,,7d7c906eb13b998dd4c3797c39af84e39c46ba5397f3f300c62e43971bb8fb40,True
lsa:GEMEINDE:15085228,15085228,"Oberharz am Brocken, Stadt",GEMEINDE,15085228,,,,0,12,0,0,0,,,,,,,04c0823b6814dc1f697c561cf060885dccb094bc5c03f6df6f06d3a6568b78b9,True
lsa:GEMEINDE:15085230,15085230,"Osterwieck, Stadt",GEMEINDE,15085230,,,,0,21,0,0,0,,,,,,,b993449b9606a87b96582a1e07f77e584489b073e5d03cb8ca998e2aaf3e1cc1,True
lsa:GEMEINDE:15085235,15085235,"Quedlinburg, Welterbestadt",GEMEINDE,15085235,,,,0,18,0,0,0,,,,,,,3371570e1191b6c5aad0230da044fe5f17c6a0bfeac48a2dcfa397fbe4801644,True
lsa:GEMEINDE:15085285,15085285,"Schwanebeck, Stadt",GEMEINDE,15085285,,,,0,3,0,0,0,,,,,,,0d6a83e8c30f31248989e4217b355468d941336221c78293e197ec568c5d595a,True
lsa:GEMEINDE:15085287,15085287,Selke-Aue,GEMEINDE,15085287,,,,0,4,0,0,0,,,,,,,12cf116d4c62fa681e2f57469418409832d7009924ca929bf785bfcd994a66c9,True
lsa:GEMEINDE:15085330,15085330,"Thale, Stadt",GEMEINDE,15085330,,,,0,18,0,0,0,,,,,,,9b20eb0db0b56e75a146ec2dd20874417a5e479305f698d8ce428db4c5492204,True
lsa:GEMEINDE:15085365,15085365,"Wegeleben, Stadt",GEMEINDE,15085365,,,,0,5,0,0,0,,,,,,,258ad751f2d0d5033f5fbc913bc0a666b7b4c01d760921255b3c7ffe89f7385f,True
lsa:GEMEINDE:15085370,15085370,"Wernigerode, Stadt",GEMEINDE,15085370,,,,0,26,0,0,0,,,,,,,299a1077da853cee9e3c484dc3381c82da0e21c6c6b6500626483779f96dfe2e,True
lsa:GEMEINDE:15086005,15086005,Biederitz,GEMEINDE,15086005,,,,0,8,0,0,0,,,,,,,2b4e52a26f4e34bcaeaa215d738e6d759660451eaf6abe351f02d09866711f74,True
lsa:GEMEINDE:15086015,15086015,"Burg, Stadt",GEMEINDE,15086015,,,,0,19,0,0,0,,,,,,,015efd49617d1f273639b2a189af64cfcdeda8754f3d9216912ea606ed45e1c8,True
lsa:GEMEINDE:15086035,15086035,Elbe-Parey,GEMEINDE,15086035,,,,0,8,0,0,0,,,,,,,0119bf735804a9091cf60ea2db0077cc1d55c19438e57a825456b7945b1f1d95,True
lsa:GEMEINDE:15086040,15086040,"Genthin, Stadt",GEMEINDE,15086040,,,,0,14,0,0,0,,,,,,,f3863827a252e0a7001633d118e52b21792ea82bfc6d8775f90139757916ae50,True
lsa:GEMEINDE:15086055,15086055,"Gommern, Stadt",GEMEINDE,15086055,,,,0,15,0,0,0,,,,,,,522525abd3a98d668c96e3638fc9134682ea8f4271a968d4571b437a75813fad,True
lsa:GEMEINDE:15086080,15086080,"Jerichow, Stadt",GEMEINDE,15086080,,,,0,13,0,0,0,,,,,,,0cc634e4afcda25a8166e3923fe0385d76dfa8bfe04c382a66b27dbdda157690,True
lsa:GEMEINDE:15086140,15086140,"Möckern, Stadt",GEMEINDE,15086140,,,,0,30,0,0,0,,,,,,,c62e4ce35a24c6ea89c826637c19e626bf5de591734670abfaf8043cd7000295,True
lsa:GEMEINDE:15086145,15086145,Möser,GEMEINDE,15086145,,,,0,9,0,0,0,,,,,,,85df15ababca5fdd4e867afd533cc0a3ccda3c404fc3c5320477b748d3adfebc,True
lsa:GEMEINDE:15087010,15087010,Ahlsdorf,GEMEINDE,15087010,,,,0,2,0,0,0,,,,,,,70cb70140323b483293220f0eb3318adee5b3363a75762dc9b632964100fcf40,True
lsa:GEMEINDE:15087015,15087015,"Allstedt, Stadt",GEMEINDE,15087015,,,,0,15,0,0,0,,,,,,,df224761c51edfbf9bbb707572579357e511a1198d2ac9dc91f5a90f61836a5d,True
lsa:GEMEINDE:15087031,15087031,"Arnstein, Stadt",GEMEINDE,15087031,,,,0,13,0,0,0,,,,,,,337526aab0c9b6448b229fb951ce43a492e00cf688da47d11a76f61a25e049e0,True
lsa:GEMEINDE:15087045,15087045,Benndorf,GEMEINDE,15087045,,,,0,2,0,0,0,,,,,,,49b1ec4102fa1554642374a7f5e3503d8ebf19ffedc8b4f06584cb54e8363c3d,True
lsa:GEMEINDE:15087055,15087055,Berga,GEMEINDE,15087055,,,,1,4,118,117,117,,,,,,,d5ca85bf72c67d6e3f5e07442681de4041c6ef60f872f3374719213aabaaa756,True
lsa:GEMEINDE:15087070,15087070,Blankenheim,GEMEINDE,15087070,,,,0,2,0,0,0,,,,,,,0ba003c9596b19d9b7ff990c1d337f3b040998442601ace2376f7db5eda52d68,True
lsa:GEMEINDE:15087075,15087075,Bornstedt,GEMEINDE,15087075,,,,0,2,0,0,0,,,,,,,f420c35da8c1ee54d63cc650c441a1d51090c585c764f7c67dc41d64695cacfa,True
lsa:GEMEINDE:15087101,15087101,Brücken-Hackpfüffel,GEMEINDE,15087101,,,,0,3,0,0,0,,,,,,,7c25809191062bb4749aa1a46ae7bc0d407fe7dc58a88e0ef5d6774361b3eaa2,True
lsa:GEMEINDE:15087125,15087125,Edersleben,GEMEINDE,15087125,,,,0,2,0,0,0,,,,,,,49beeddbcfd5c96bd8f07c0c5252e1c37c5fcbbcb979deb169dc76745f235391,True
lsa:GEMEINDE:15087130,15087130,"Eisleben, Lutherstadt",GEMEINDE,15087130,,,,1,24,124,123,123,,,,,,,d9f8c7aaa23cdc0e853fde205d9bf12cb0e55634d5afc5cd335b63c5fd841d30,True
lsa:GEMEINDE:15087165,15087165,"Gerbstedt, Stadt",GEMEINDE,15087165,,,,1,15,92,90,92,,,,,,,d568fdf9a9c2ddf58f32632b0bed6954920dd9e290c4fe82d29624b5af676a95,True
lsa:GEMEINDE:15087205,15087205,Helbra,GEMEINDE,15087205,,,,0,3,0,0,0,,,,,,,45625a2a2e1ebf787fc282e59f57a9dcaf38bd7d084939479f0887b54c1b2729,True
lsa:GEMEINDE:15087210,15087210,Hergisdorf,GEMEINDE,15087210,,,,0,2,0,0,0,,,,,,,096b4a005807e37b65b3cb37a19b495c934187db46456e11bfa1c9adf604ebab,True
lsa:GEMEINDE:15087220,15087220,"Hettstedt, Stadt",GEMEINDE,15087220,,,,0,15,0,0,0,,,,,,,ac9b45b569b378b425a976e7298542e0a2e5bf27fc7867c7baffdde67304bc47,True
lsa:GEMEINDE:15087250,15087250,"Kelbra (Kyffhäuser), Stadt",GEMEINDE,15087250,,,,0,6,0,0,0,,,,,,,82358fccc89f6b9d9f40ab6bd81808acf459c7898746f289a37eec2e1294c46f,True
lsa:GEMEINDE:15087260,15087260,Klostermansfeld,GEMEINDE,15087260,,,,0,2,0,0,0,,,,,,,773ab187a55dba55795949f8b39ff5bfaccbda27ef9d6b4caf45fed29663f027,True
lsa:GEMEINDE:15087275,15087275,"Mansfeld, Stadt",GEMEINDE,15087275,,,,0,17,0,0,0,,,,,,,6111b0f9821dd80544e17ffb5f25a3ab0c67795caab45770678b44508526428b,True
lsa:GEMEINDE:15087370,15087370,"Sangerhausen, Stadt",GEMEINDE,15087370,,,,1,33,76,75,75,,,,,,,c0c3b7cffb41448da97f9799dfc48be76e688573a975295fabcdf5e1d945100c,True
lsa:GEMEINDE:15087386,15087386,Seegebiet Mansfelder Land,GEMEINDE,15087386,,,,0,14,0,0,0,,,,,,,7e37674fb7add531328bbdd20526bfb0b2713cba078aa4074ce915e026ce3f2a,True
lsa:GEMEINDE:15087412,15087412,Südharz,GEMEINDE,15087412,,,,2,18,144,144,144,,,,,,,834ac8550f5704a698d4bb5822dea95e23cfd2f3056c3c24a2c12a71794ccb3b,True
lsa:GEMEINDE:15087440,15087440,Wallhausen,GEMEINDE,15087440,,,,0,5,0,0,0,,,,,,,90fd810f6322510a5d7d191075e9b24119b6f20c4f882a4408c2b8cd3fa8d3b9,True
lsa:GEMEINDE:15087470,15087470,Wimmelburg,GEMEINDE,15087470,,,,0,2,0,0,0,,,,,,,e8374b7fb00574896d716bad78fb729af0939a8869ab77e8a34804c4aaa5de3a,True
lsa:GEMEINDE:15088020,15088020,"Bad Dürrenberg, Stadt",GEMEINDE,15088020,,,,0,10,0,0,0,,,,,,,030eb3c7214c76dfe4498da2535ff89af3bc8bf4ad4113f398dd7b56333c967f,True
lsa:GEMEINDE:15088025,15088025,"Bad Lauchstädt, Goethestadt",GEMEINDE,15088025,,,,0,9,0,0,0,,,,,,,82a138038dffedf9867a1d5dfbac64e90d1d27bfbd351c1d8579fb0ba2bc2367,True
lsa:GEMEINDE:15088030,15088030,Barnstädt,GEMEINDE,15088030,,,,0,2,0,0,0,,,,,,,7c02965fed8a8f9cda086e60f81ed76ed9b945ca335b2b215376cf023bb535b4,True
lsa:GEMEINDE:15088065,15088065,"Braunsbedra, Stadt",GEMEINDE,15088065,,,,0,11,0,0,0,,,,,,,9e98152853687503935bd8fba17c59c4f5fb642f19dc65380218d07c7c845434,True
lsa:GEMEINDE:15088100,15088100,Farnstädt,GEMEINDE,15088100,,,,0,3,0,0,0,,,,,,,6912b6ca7647f427059cdcf7f4e5152d8ba4941c7577acca52cf73da97e22a3d,True
lsa:GEMEINDE:15088150,15088150,Kabelsketal,GEMEINDE,15088150,,,,0,6,0,0,0,,,,,,,be2dd3b00f63c224655adce11f359d0d07c38c44b2e2ab9466c1d39776452c72,True
lsa:GEMEINDE:15088195,15088195,"Landsberg, Stadt",GEMEINDE,15088195,,,,0,20,0,0,0,,,,,,,654de11dbcc4aacbcba31e8b68f87ba0859757e14735808b0111ff65df3b4106,True
lsa:GEMEINDE:15088205,15088205,"Leuna, Stadt",GEMEINDE,15088205,,,,0,14,0,0,0,,,,,,,9579d19efb3f302c0b2c57989187cb0aca62e8669463b0fc9c88f0a4c6bf77ca,True
lsa:GEMEINDE:15088216,15088216,"Wettin-Löbejün, Stadt",GEMEINDE,15088216,,,,0,12,0,0,0,,,,,,,bc3b1f04f5d046e98a6013415cdc9eb4c2e25618d36815ceb9033554bb2a2c18,True
lsa:GEMEINDE:15088220,15088220,"Merseburg, Stadt",GEMEINDE,15088220,,,,0,28,0,0,0,,,,,,,0e1f32163f542b97b4517efd3ea1939bb564cb69bb838445b972671623491474,True
lsa:GEMEINDE:15088235,15088235,"Mücheln (Geiseltal), Stadt",GEMEINDE,15088235,,,,0,12,0,0,0,,,,,,,e7baee6f5faa4cd37080450662680020edd22245434825f11fe76a0a45d68208,True
lsa:GEMEINDE:15088250,15088250,Nemsdorf-Göhrendorf,GEMEINDE,15088250,,,,0,2,0,0,0,,,,,,,7cbabf97805963e6e6fe12f7111652702784ae13db23294b0b0a2f012bab457f,True
lsa:GEMEINDE:15088265,15088265,Obhausen,GEMEINDE,15088265,,,,0,3,0,0,0,,,,,,,e81d66d242a432ebd9fcc7e4f6f602444025d722d3f8a68df41e7fa45e1be0ae,True
lsa:GEMEINDE:15088295,15088295,Petersberg,GEMEINDE,15088295,,,,0,13,0,0,0,,,,,,,eac3ee44f1b566bcd9534512406901febc7cefc579edda0f0bfde0f2f4ef87ea,True
lsa:GEMEINDE:15088305,15088305,"Querfurt, Stadt",GEMEINDE,15088305,,,,0,16,0,0,0,,,,,,,c968e85208a9bda7b5866bfbef8d0ed9d25956125968288c6aa021a4839daecf,True
lsa:GEMEINDE:15088319,15088319,Salzatal,GEMEINDE,15088319,,,,0,11,0,0,0,,,,,,,2c2ecae496e57dd23029b504a04d256790d85b1c7a027d710c49052b37bdd1ee,True
lsa:GEMEINDE:15088330,15088330,Schkopau,GEMEINDE,15088330,,,,0,15,0,0,0,,,,,,,b75be965f4748ddacc6f1580e9b1af50900f169eff9c39965bc4263ef965c430,True
lsa:GEMEINDE:15088340,15088340,"Schraplau, Stadt",GEMEINDE,15088340,,,,0,2,0,0,0,,,,,,,6ee3e3fda05aefada3010b2ef0991dde526592ad8ecbacc894f30c866d8d2504,True
lsa:GEMEINDE:15088355,15088355,Steigra,GEMEINDE,15088355,,,,0,3,0,0,0,,,,,,,d7b13c02881bbae300b709b8358591c812cfffe5190099e7ad56d9ca6667f631,True
lsa:GEMEINDE:15088365,15088365,Teutschenthal,GEMEINDE,15088365,,,,0,15,0,0,0,,,,,,,b3b1c427bfe8badfa877d79c77c5b9b301b7a1823e33986a8cfb29610f30e902,True
lsa:GEMEINDE:15089005,15089005,"Alsleben (Saale), Stadt",GEMEINDE,15089005,,,,0,4,0,0,0,,,,,,,c5f73c82cc139632266834d195e8791bebdf2f86a22d4a1caabad70e3b60354a,True
lsa:GEMEINDE:15089015,15089015,"Aschersleben, Stadt",GEMEINDE,15089015,,,,0,26,0,0,0,,,,,,,e13ef7379094d768cfab46e2167e90b578d0d5b13776669b1adaa0003f83c672,True
lsa:GEMEINDE:15089026,15089026,"Barby, Stadt",GEMEINDE,15089026,,,,0,14,0,0,0,,,,,,,30403e2be1d0e927dca61e2b0581ab889dcca04744a22b2064d1d7b3600fc980,True
lsa:GEMEINDE:15089030,15089030,"Bernburg (Saale), Stadt",GEMEINDE,15089030,,,,0,27,0,0,0,,,,,,,fda9d9daeeca70b8c3f72ff9af3f693e0bbdcc0e5092a3c28f17ae83631bbd4e,True
lsa:GEMEINDE:15089041,15089041,Bördeaue,GEMEINDE,15089041,,,,0,3,0,0,0,,,,,,,3fb02c6eb1d622ad0399bc666ef0f061b9344ddc0dc280a75924602e50ef33c3,True
lsa:GEMEINDE:15089042,15089042,Bördeland,GEMEINDE,15089042,,,,0,8,0,0,0,,,,,,,1e31ab83189777bc16a62eb4b0ba19b143e4bee3073534b72f65553584e19cbb,True
lsa:GEMEINDE:15089043,15089043,Börde-Hakel,GEMEINDE,15089043,,,,0,4,0,0,0,,,,,,,00f3a8ffced0dec5277322dbe402b63b999ee43705ca0c1097c4e09fcd1fe342,True
lsa:GEMEINDE:15089045,15089045,Borne,GEMEINDE,15089045,,,,0,2,0,0,0,,,,,,,b6540f1a40b1af2c023441c312d6008fa7ab88fac1dcd579acef71afdcc3e931,True
lsa:GEMEINDE:15089055,15089055,"Calbe (Saale), Stadt",GEMEINDE,15089055,,,,0,8,0,0,0,,,,,,,110a6ba5587616a08a2646b8148a7db5c5cec681ef25c98461fc57ec2e182f9b,True
lsa:GEMEINDE:15089075,15089075,"Egeln, Stadt",GEMEINDE,15089075,,,,0,4,0,0,0,,,,,,,8caebca0d20693aa2215cbfaaa07c52e800cc16ec441c4d4ceaf9056bfcdadda,True
lsa:GEMEINDE:15089130,15089130,Giersleben,GEMEINDE,15089130,,,,0,2,0,0,0,,,,,,,cf28aa261752bf6814b087852ba3a82997e261cd814f5b34eee786290af78c6c,True
lsa:GEMEINDE:15089165,15089165,"Güsten, Stadt",GEMEINDE,15089165,,,,0,6,0,0,0,,,,,,,fac8c603334752761a3b4acaa6318cf60cce2fd431f5fcef3e911f7a0625b0c7,True
lsa:GEMEINDE:15089175,15089175,"Hecklingen, Stadt",GEMEINDE,15089175,,,,0,6,0,0,0,,,,,,,e949f4686056670ba390e2859ac6db6216a24c52b820598fd04c13af83566e8b,True
lsa:GEMEINDE:15089185,15089185,Ilberstedt,GEMEINDE,15089185,,,,0,2,0,0,0,,,,,,,29d106fb39131446d512da76acfb2edcce3c13d59f360f76a1d35abcb833ea21,True
lsa:GEMEINDE:15089195,15089195,"Könnern, Stadt",GEMEINDE,15089195,,,,0,11,0,0,0,,,,,,,e2941f75f97c92477b5b0b0e3599e706113acdd30a9eeaff6d9e4fd995d35348,True
lsa:GEMEINDE:15089235,15089235,"Nienburg (Saale), Stadt",GEMEINDE,15089235,,,,0,9,0,0,0,,,,,,,d87bb23f729bcac76fa80674117e96c0ea26822a7ab5b234bd83bdbebc2409ba,True
lsa:GEMEINDE:15089245,15089245,Plötzkau,GEMEINDE,15089245,,,,0,4,0,0,0,,,,,,,5089a5f84d1421d03fa8d6c2217287ceb141d7ad40ac6aa260aa1698b6eec13f,True
lsa:GEMEINDE:15089305,15089305,"Schönebeck (Elbe), Stadt",GEMEINDE,15089305,,,,0,26,0,0,0,,,,,,,d4e0b252502db21ce04b04ff832dd71b670b97476b9383a1c117d991b01bd6f9,True
lsa:GEMEINDE:15089307,15089307,"Seeland, Stadt",GEMEINDE,15089307,,,,0,7,0,0,0,,,,,,,6f7efd30e8fb50d1882563cb85ea257fbc47fc8bd9d5779425e80353a7088a02,True
lsa:GEMEINDE:15089310,15089310,"Staßfurt, Salzstadt",GEMEINDE,15089310,,,,0,19,0,0,0,,,,,,,3a340b39a94cb415e9fbfd965ef0b33142c0bda65b3edc658a49740f6bbc90f2,True
lsa:GEMEINDE:15089365,15089365,Wolmirsleben,GEMEINDE,15089365,,,,0,2,0,0,0,,,,,,,85e16a538097f7bf5c99726b0a09061d14bfd2c56b45a3a445eecb374fece252,True
lsa:GEMEINDE:15090003,15090003,Aland,GEMEINDE,15090003,,,,0,5,0,0,0,,,,,,,2127bb478c97dad908901a822a7c13954821eb1c0a487228ce49645d137ff15e,True
lsa:GEMEINDE:15090007,15090007,Altmärkische Höhe,GEMEINDE,15090007,,,,0,6,0,0,0,,,,,,,975f6648579d6b7bbaea023497593bc127efe6d23876d5342925ed11067fcf43,True
lsa:GEMEINDE:15090008,15090008,Altmärkische Wische,GEMEINDE,15090008,,,,2,5,215,212,212,,,,,,,65806008c9662deca1f72723b3ec672c907739fcf33775aa18797ef5462bd52d,True
lsa:GEMEINDE:15090010,15090010,"Arneburg, Stadt",GEMEINDE,15090010,,,,0,3,0,0,0,,,,,,,226b55915d04d7ffe1fea31849551114d7d36300a37d8f0cc2d873487e56ffb1,True
lsa:GEMEINDE:15090070,15090070,"Bismark (Altmark), Stadt",GEMEINDE,15090070,,,,1,23,74,74,72,,,,,,,25182684a1e8c30e2a2eb64ade655046173239f39af882d595e121085eeb0af1,True
lsa:GEMEINDE:15090135,15090135,Eichstedt (Altmark),GEMEINDE,15090135,,,,0,4,0,0,0,,,,,,,8c86707b211bd008d332a93f7c4b127acad7633f9e0fd91300c576dae8bcb016,True
lsa:GEMEINDE:15090180,15090180,Goldbeck,GEMEINDE,15090180,,,,1,3,119,118,119,,,,,,,6a7316568e4577c8e7379da910aa6b6528d8948c3ba55043c91c4dad013207cc,True
lsa:GEMEINDE:15090220,15090220,Hassel,GEMEINDE,15090220,,,,1,3,76,76,76,,,,,,,e191649f02ed693bf12e8f35fc72289d0286aa9fdac2591bb4ac2fc716c404d7,True
lsa:GEMEINDE:15090225,15090225,"Havelberg, Hansestadt",GEMEINDE,15090225,,,,0,10,0,0,0,,,,,,,34e32a3240867cadce802f54e279da3cf3c2d8a2c41337b6af7fa232f9ad4c38,True
lsa:GEMEINDE:15090245,15090245,Hohenberg-Krusemark,GEMEINDE,15090245,,,,1,4,144,144,144,,,,,,,2b6fb3a0892350b874b65b2af6993f0548635945231644a0067bc3fda783e5bc,True
lsa:GEMEINDE:15090270,15090270,Iden,GEMEINDE,15090270,,,,0,3,0,0,0,,,,,,,6e95b401cd57f4a7d9429e1deba25e4df455b1dd87a56a2248a0db9c061b8d78,True
lsa:GEMEINDE:15090285,15090285,Kamern,GEMEINDE,15090285,,,,0,4,0,0,0,,,,,,,81e0007964c68db6598f99b55929566d12d163c6d0025fcdf926ad0a958f5aea,True
lsa:GEMEINDE:15090310,15090310,Klietz,GEMEINDE,15090310,,,,0,4,0,0,0,,,,,,,d7214db15717651f0765027c175a93caa46f24c43c0e77d9b60093b3068cdfde,True
lsa:GEMEINDE:15090415,15090415,"Osterburg (Altmark), Hansestadt",GEMEINDE,15090415,,,,0,15,0,0,0,,,,,,,f329e025929b8bdfcaeef51052775dd4741e6e9d5c3333667ece71ec7693d7de,True
lsa:GEMEINDE:15090435,15090435,Rochau,GEMEINDE,15090435,,,,0,3,0,0,0,,,,,,,6ab969a1be380499c1d0db6f67be4339d92368a9599348da893b9194d26492ac,True
lsa:GEMEINDE:15090445,15090445,"Sandau (Elbe), Stadt",GEMEINDE,15090445,,,,0,2,0,0,0,,,,,,,bc604c158a77ce324eeb026de705485e7446bc4aa7e87b9667fb8727bb20b6f2,True
lsa:GEMEINDE:15090485,15090485,Schollene,GEMEINDE,15090485,,,,0,2,0,0,0,,,,,,,8e398678a017f0b2445135d483544ce066fc25cf3d5b0a78aa94a3871ed018c5,True
lsa:GEMEINDE:15090500,15090500,Schönhausen (Elbe),GEMEINDE,15090500,,,,0,4,0,0,0,,,,,,,a847d016012866aa09deb2ebf6cbbc56e941b7373ed4e9716e4755b36e8cbf12,True
lsa:GEMEINDE:15090520,15090520,"Seehausen (Altmark), Hansestadt",GEMEINDE,15090520,,,,0,6,0,0,0,,,,,,,305d0cf56fd39d3875e12f1e7397f3d0662a415da65be3eede70b8c128eb0943,True
lsa:GEMEINDE:15090535,15090535,"Stendal, Hansestadt",GEMEINDE,15090535,,,,0,42,0,0,0,,,,,,,e09ccd41144c0a6fe179f52db07728c1f086323e18520a3030e7cb0e1ea472ed,True
lsa:GEMEINDE:15090546,15090546,"Tangerhütte, Stadt",GEMEINDE,15090546,,,,0,21,0,0,0,,,,,,,d1ae9828abca5ce5bfd4132a96f8d54bba1b16ef9396a021a55314466a27fef2,True
lsa:GEMEINDE:15090550,15090550,"Tangermünde, Stadt",GEMEINDE,15090550,,,,0,14,0,0,0,,,,,,,81b47c62811a12a9e61df001790e1c41d91d5c4e531d684934616b224bc7c4a4,True
lsa:GEMEINDE:15090610,15090610,"Werben (Elbe), Hansestadt",GEMEINDE,15090610,,,,0,3,0,0,0,,,,,,,c471fd7b57100d8911247683eca54fd1731c510d99c97d09b1a785b08d2e4de6,True
lsa:GEMEINDE:15090631,15090631,Wust-Fischbeck,GEMEINDE,15090631,,,,0,4,0,0,0,,,,,,,7d24de6163dce0532f9333715d909fc79f5b1bbfe292b0fc127bdd2e5a7680be,True
lsa:GEMEINDE:15090635,15090635,Zehrental,GEMEINDE,15090635,,,,0,3,0,0,0,,,,,,,58158fa615bad345ebfcad99accc6835c92c04e73bc58b07a0823d947ba4c522,True
lsa:GEMEINDE:15091010,15091010,"Annaburg, Stadt",GEMEINDE,15091010,,,,0,14,0,0,0,,,,,,,d8b905b0db01704fdc90570d8b6f6689de9b4067dfa75bc2d9f3450246b54d0d,True
lsa:GEMEINDE:15091020,15091020,"Bad Schmiedeberg, Stadt",GEMEINDE,15091020,,,,0,13,0,0,0,,,,,,,d0c4e77639fb098c97a1b42a96e9446aa5dc2f4d10ed4c5df61aac6fd59d5a11,True
lsa:GEMEINDE:15091060,15091060,"Coswig (Anhalt), Stadt",GEMEINDE,15091060,,,,0,25,0,0,0,,,,,,,d850a9b9ea48aecb7cddf977451de097da5bd6e0d81b3e3fce39edfdac200082,True
lsa:GEMEINDE:15091110,15091110,"Gräfenhainichen, Stadt",GEMEINDE,15091110,,,,0,14,0,0,0,,,,,,,7667afb9d0d1168036ff2fecfa4dba34ce60c7d16424bb15c5e4ec5a582cdd39,True
lsa:GEMEINDE:15091145,15091145,"Jessen (Elster), Stadt",GEMEINDE,15091145,,,,0,23,0,0,0,,,,,,,2bbe909be12664e482caabcea720c9f9aca0126cb9d61d4a0b153fc476c7e17e,True
lsa:GEMEINDE:15091160,15091160,"Kemberg, Stadt",GEMEINDE,15091160,,,,0,17,0,0,0,,,,,,,4733caeafad594ca3ff2e4c0ff222acfbf79bb314aa932f9e167634a861a1f8c,True
lsa:GEMEINDE:15091241,15091241,"Oranienbaum-Wörlitz, Stadt",GEMEINDE,15091241,,,,0,14,0,0,0,,,,,,,c614ef93c8ed159797c7793040839efeaaa9a1d316bb67126a9c4586d3110697,True
lsa:GEMEINDE:15091375,15091375,"Wittenberg, Lutherstadt",GEMEINDE,15091375,,,,0,49,0,0,0,,,,,,,ec9f2b67662b5ae6441278ee2396650ad1027c607c2643eb4040d700998b0869,True
lsa:GEMEINDE:15091391,15091391,"Zahna-Elster, Stadt",GEMEINDE,15091391,,,,0,14,0,0,0,,,,,,,700e258a67fb61d33699c2516d51fa4820707608dca4b1a9651bdc9a8010bef6,True
lsa:KREIS:15001,,"Dessau-Roßlau, Stadt",KREIS,15001,,,,0,79,0,0,0,,,,,,,10afc12c22e7d4a80a8b719b50eb17e329330c551ab888ec777359c4eeae4779,False
lsa:KREIS:15002,,"Halle (Saale), Stadt",KREIS,15002,,,,0,186,0,0,0,,,,,,,0ac3ece7113b5e0aa28fe01a3096c4ea6a816e36178c359e5652cb413cb8652e,False
lsa:KREIS:15003,,"Magdeburg, Landeshauptstadt",KREIS,15003,,,,0,218,0,0,0,,,,,,,f7b1cbd6370e2362bfa53c122666f79339b8da647d4fdf209c65c53feb5a7a8f,False
lsa:KREIS:15081,,Altmarkkreis Salzwedel,KREIS,15081,,,,0,152,0,0,0,,,,,,,f46b56df84ad282e99cf6617b2b1884a02fcd1bd31e651f55469f78593984d5f,False
lsa:KREIS:15082,,Anhalt-Bitterfeld,KREIS,15082,,,,0,204,0,0,0,,,,,,,38d97c15abd5922e6f5e8509d694cb6b090b56621c1afb06616565c569f98f3d,False
lsa:KREIS:15083,,Börde,KREIS,15083,,,,0,244,0,0,0,,,,,,,75ae5a30b048aa58f684855817d6594a971bb63213d7947c835c726d8da26c14,False
lsa:KREIS:15084,,Burgenlandkreis,KREIS,15084,,,,0,253,0,0,0,,,,,,,2de0dfa78f59bc5a5cd79949503a2a6a68aef6be7ec40eed8c7bc3badb157e75,False
lsa:KREIS:15085,,Harz,KREIS,15085,,,,0,227,0,0,0,,,,,,,4da982efbe29a15b31dfafc26662ef3af361086b2d3d4835a71f606ab91c4b5d,False
lsa:KREIS:15086,,Jerichower Land,KREIS,15086,,,,0,116,0,0,0,,,,,,,09d9c63cc378d8603fe65e93643aa8d1615e9ab07fc15c7ef48ddd88b26c27a4,False
lsa:KREIS:15087,,Mansfeld-Südharz,KREIS,15087,,,,6,201,554,549,551,,,,,,,c2c7cc7a473ac8527dd35212a39c6616d33ad630fd68b7c849debf5b4f9041e2,False
lsa:KREIS:15088,,Saalekreis,KREIS,15088,,,,0,207,0,0,0,,,,,,,cdfefa4f2f2d79f7af476210e051e993a48e60a7ce19288c0312f60e0a2d82d6,False
lsa:KREIS:15089,,Salzlandkreis,KREIS,15089,,,,0,194,0,0,0,,,,,,,e8cb10f2bd6734a00614e149f9d663465936ef370422aa4213360067ee486708,False
lsa:KREIS:15090,,Stendal,KREIS,15090,,,,6,196,628,624,623,,,,,,,63c86a90ec085d4ef238bac14a58f62845e0be8c08f9ff1afdeb6c3c4aec0f97,False
lsa:KREIS:15091,,Wittenberg,KREIS,15091,,,,0,183,0,0,0,,,,,,,e63a6f91618f5941b67de0999a1172daa968c09a00a5af9b7533628cc6de6337,False
lsa:LAND:15,,Sachsen-Anhalt,LAND,15,,,,12,2660,1182,1173,1174,,,,,,,2c841cc30415e45324d738b3d63ded0e23aa58711ccdfe6bbd53f19a401791ad,False
lsa:WAHLKREIS:001,,Salzwedel,WAHLKREIS,001,,,,0,75,0,0,0,,,,,,,ad5f6492807b2c416b5441907f4c1c1597caa54acf76e5aa9172323dbd689b6c,False
lsa:WAHLKREIS:002,,Gardelegen-Klötze,WAHLKREIS,002,,,,0,105,0,0,0,,,,,,,75cd12ad8bfe3f7260c827ed2fac9a63996b92a424d9a12bedc88e436ebe77c7,False
lsa:WAHLKREIS:003,,Havelberg-Osterburg,WAHLKREIS,003,,,,5,96,554,550,551,,,,,,,50768f09903e297cc513d8ccbdfa8c618fe1f94672267b322d1ab029f18f3dd1,False
lsa:WAHLKREIS:004,,Stendal,WAHLKREIS,004,,,,1,65,74,74,72,,,,,,,b44c0eaf209bac9a8eeea52a05abb3de3d58f293873aaa075de8f9093a98ed1e,False
lsa:WAHLKREIS:005,,Genthin,WAHLKREIS,005,,,,0,70,0,0,0,,,,,,,7be21c673bd457586e1d42ce17fa88cbed25adefa5ee73f151f6449342455b4a,False
lsa:WAHLKREIS:006,,Burg,WAHLKREIS,006,,,,0,66,0,0,0,,,,,,,004962de5f93469d088ebd0d2879b9e4dbf8a7b7ee66d02ddb03292145fb919e,False
lsa:WAHLKREIS:007,,Haldensleben,WAHLKREIS,007,,,,0,85,0,0,0,,,,,,,ca55a60db36f42eb1b9d20b494c1334cd0173dae91d237ae2138453503f99c49,False
lsa:WAHLKREIS:008,,Wolmirstedt,WAHLKREIS,008,,,,0,67,0,0,0,,,,,,,4942da487c9d93e26d1b1a6375bf74e2c15c4c332627783d7a8e776c99fe6986,False
lsa:WAHLKREIS:009,,Oschersleben-Wanzleben,WAHLKREIS,009,,,,0,64,0,0,0,,,,,,,5b321da9849349353b6eacb33a782c3029a8c4237f3ec591b0b85b8fee652373,False
lsa:WAHLKREIS:010,,Magdeburg I,WAHLKREIS,010,,,,0,44,0,0,0,,,,,,,d65e9093cf841521e38e993edf78425b9460d014ba0519b6bc6334d93fa0567a,False
lsa:WAHLKREIS:011,,Magdeburg II,WAHLKREIS,011,,,,0,66,0,0,0,,,,,,,8ebb9f8da1785b6e5096ffe84ac42d20538023a076522b9814ea47014979db3b,False
lsa:WAHLKREIS:012,,Magdeburg III,WAHLKREIS,012,,,,0,49,0,0,0,,,,,,,94be4109aa0c9ae5137d1036420a1270130110f02ee1b40ae6901f8818d6345f,False
lsa:WAHLKREIS:013,,Magdeburg IV,WAHLKREIS,013,,,,0,59,0,0,0,,,,,,,7dd29e01032669bc1bd09d3b2d7ab041b76220dcacac3c4cc6d25d787f2857fc,False
lsa:WAHLKREIS:014,,Halberstadt,WAHLKREIS,014,,,,0,48,0,0,0,,,,,,,30e0e39d2b4ea156f34c1cd17492a636d81458ba7b9eb4df2507778ea3e6e93f,False
lsa:WAHLKREIS:015,,Blankenburg,WAHLKREIS,015,,,,0,59,0,0,0,,,,,,,ee8fb787848e60b9d706f18a7accbd08ea2d6ed4c2121b577584014d645fde7b,False
lsa:WAHLKREIS:016,,Wernigerode,WAHLKREIS,016,,,,0,51,0,0,0,,,,,,,f595f76c7796627ca1e7e9cf934436ac59f92d50c1cefbbf237f2d9251a9db41,False
lsa:WAHLKREIS:017,,Quedlinburg,WAHLKREIS,017,,,,0,60,0,0,0,,,,,,,9ddbafd71a719ca5313360adb0d03c9915d4a00827e30e028caf6464133d815a,False
lsa:WAHLKREIS:018,,Aschersleben,WAHLKREIS,018,,,,0,55,0,0,0,,,,,,,9443dfa1e07fec890a3abbd0f647370c39a904bf4565897b881e3df5063428ad,False
lsa:WAHLKREIS:019,,Staßfurt,WAHLKREIS,019,,,,0,40,0,0,0,,,,,,,2d875bca1d592ec4cc990a9a015d47647bc05f6b60fb115d45ca9aeefa64ede6,False
lsa:WAHLKREIS:020,,Schönebeck,WAHLKREIS,020,,,,0,56,0,0,0,,,,,,,f453b53a10312ff5c53025048a359dd398a67ef1e9d1c4172dc2af7fdc9aa3e6,False
lsa:WAHLKREIS:021,,Bernburg,WAHLKREIS,021,,,,0,65,0,0,0,,,,,,,bc0769d4efed19d645bb91c97286b4a0ec693080153421da667fbaeb9952c4cd,False
lsa:WAHLKREIS:022,,Köthen,WAHLKREIS,022,,,,0,79,0,0,0,,,,,,,6933e84fc8b3da4345348f4131590e5419f7eaf450e591a0f4d9a944ff2c6c40,False
lsa:WAHLKREIS:023,,Zerbst,WAHLKREIS,023,,,,0,79,0,0,0,,,,,,,61b9e265b54cecd5af050b97b2d3a660e8f33f2001f0ad96a4f11eba2f091b41,False
lsa:WAHLKREIS:024,,Wittenberg,WAHLKREIS,024,,,,0,63,0,0,0,,,,,,,de223f73f02a2bb6cfbcfe3c18d2a31b1692d5b60a896a97fb61af065ee7796b,False
lsa:WAHLKREIS:025,,Jessen,WAHLKREIS,025,,,,0,81,0,0,0,,,,,,,04112bef252490bc2690c16a4298db8f5c227017d98e8809dfd902903806c706,False
lsa:WAHLKREIS:026,,Dessau-Roßlau,WAHLKREIS,026,,,,0,52,0,0,0,,,,,,,d604954181c0897fcc35e353ae75b2ffd93aac22c57997402511bc5a88ca6641,False
lsa:WAHLKREIS:027,,Dessau-Roßlau-Wittenberg,WAHLKREIS,027,,,,0,66,0,0,0,,,,,,,4f38ccd31fac83049bc69784a3af60403d54835d3fef4e0bda9c72b8e16c4e59,False
lsa:WAHLKREIS:028,,Bitterfeld-Wolfen,WAHLKREIS,028,,,,0,61,0,0,0,,,,,,,a8a5f996333012bf7413ae720e59bda702b216b43c3fdc8d2801d2f53e29a3f3,False
lsa:WAHLKREIS:029,,Saalekreis,WAHLKREIS,029,,,,0,63,0,0,0,,,,,,,91142d0d64ce3cb25a3f0225764defe063130ba8ac7e2fe8ad2202c07e0cf235,False
lsa:WAHLKREIS:030,,Eisleben,WAHLKREIS,030,,,,2,71,216,213,215,,,,,,,fa9c9048187dab016b6ff47f6bbda9baf75b568628399daf0c559835c392b8a4,False
lsa:WAHLKREIS:031,,Sangerhausen,WAHLKREIS,031,,,,4,88,338,336,336,,,,,,,44c64f1d716b1b63eb6d2b5ab43d5ee2b552da1e655f602e1ed5661c68ac4e08,False
lsa:WAHLKREIS:032,,Querfurt,WAHLKREIS,032,,,,0,90,0,0,0,,,,,,,b8a62c0612a732cb445a8d1fb6780af07bacb2ba31c335b082fb8920752fd5c3,False
lsa:WAHLKREIS:033,,Merseburg,WAHLKREIS,033,,,,0,43,0,0,0,,,,,,,3eb3bbda412d05900487d31c09ea3cb67a2049edfb3a7addfa7eb52b507b0424,False
lsa:WAHLKREIS:034,,Bad Dürrenberg-Saalekreis,WAHLKREIS,034,,,,0,63,0,0,0,,,,,,,29d2419fe5d0bfabf1e5f3d3c59e009ea83576a2c2e4284df77f81647da225da,False
lsa:WAHLKREIS:035,,Halle I,WAHLKREIS,035,,,,0,38,0,0,0,,,,,,,d818a188a1799539275da602933c679bcdb06d45850a59d461c63352a3748b21,False
lsa:WAHLKREIS:036,,Halle II,WAHLKREIS,036,,,,0,47,0,0,0,,,,,,,8195a69420ddf36529b1c0ab4f925ca576155c34a2574a7fbdf89bb1b23f3c3d,False
lsa:WAHLKREIS:037,,Halle III,WAHLKREIS,037,,,,0,57,0,0,0,,,,,,,ba05bc38dd71e1886842e78abf8478ec4b35fb3b9e83b79c2203148ce88666f6,False
lsa:WAHLKREIS:038,,Halle IV,WAHLKREIS,038,,,,0,44,0,0,0,,,,,,,3890481af3ffffe9464bf072970fa1b95ae338bbef6288811554add11f19512f,False
lsa:WAHLKREIS:039,,Weißenfels,WAHLKREIS,039,,,,0,72,0,0,0,,,,,,,e8c84d2d81a159d084577fe3f0a383f6080c7762013b217a2cad6353ea3d5668,False
lsa:WAHLKREIS:040,,Naumburg,WAHLKREIS,040,,,,0,79,0,0,0,,,,,,,1078806c4b9d61562eb946c8819d7919fef2b14f37c6a87282508229f0adcaeb,False
lsa:WAHLKREIS:041,,Zeitz,WAHLKREIS,041,,,,0,79,0,0,0,,,,,,,137217e5ed1a9e7a6a8337de72d149736d35414a68d8c47d8b6738f3b472f2db,False
