Berichtszeitpunkt,_RS,Name,Reg_Ebene,0_Insgesamt_,HH_SIZE_NAT__1,HH_SIZE_NAT__2,HH_SIZE_NAT__3,HH_SIZE_NAT__4,HH_SIZE_NAT__5,HH_SIZE_NAT__6,HHTYP_FAM__1,HHTYP_FAM__2,HHTYP_FAM__3,HHTYP_FAM__4,HHTYP_FAM__5,HHTYP_LEB__1,HHTYP_LEB__2,HHTYP_LEB__3,HHTYP_LEB__4,HHTYP_LEB__5,HHTYP_LEB__6,HHTYP_LEB__7,HHTYP_SENIOR_HH__1,HHTYP_SENIOR_HH__2,HHTYP_SENIOR_HH__3,ags
20220515,150010000000,"Dessau-Roßlau, Stadt",Gemeinde,42165,20381,14649,4188,2061,571,318,20381,12297,5398,3229,864,20381,14772,20,2902,2691,536,864,14534,2797,24837,15001000
20220515,150020000000,"Halle (Saale), Stadt",Gemeinde,129262,70907,37067,11626,6449,2084,1135,70907,28424,14865,10588,4479,70907,33505,43,9745,8904,1682,4479,34936,5297,89027,15002000
20220515,150030000000,"Magdeburg, Landeshauptstadt",Gemeinde,134501,70204,40266,13331,7292,2161,1251,70204,32171,18150,10022,3957,70204,38396,59,11869,8742,1279,3957,35520,6412,92575,15003000
20220515,150810030030,"Arendsee (Altmark), Stadt",Gemeinde,3094,1174,1101,424,242,92,53,1174,975,630,255,66,1174,1317,–,285,198,53,66,895,384,1815,15081030
20220515,150810135135,"Gardelegen, Hansestadt",Gemeinde,10698,4235,3737,1514,865,235,114,4235,3121,2163,988,188,4235,4407,4,873,836,156,188,2753,1091,6852,15081135
20220515,150810240240,"Kalbe (Milde), Stadt",Gemeinde,3394,1264,1197,479,299,93,59,1264,1022,747,301,57,1264,1505,3,262,219,81,57,901,414,2077,15081240
20220515,150810280280,"Klötze, Stadt",Gemeinde,4768,1827,1690,707,404,103,40,1827,1395,1031,431,84,1827,2048,–,378,352,82,84,1252,543,2971,15081280
20220515,150810455455,"Salzwedel, Hansestadt",Gemeinde,11766,5278,4033,1363,733,232,126,5278,3317,1890,1032,246,5278,4380,–,829,822,208,246,3397,1050,7318,15081455
20220515,150815051026,"Apenburg-Winterfeld, Flecken",Gemeinde,745,241,278,107,83,17,14,241,230,181,75,17,241,351,–,65,55,23,17,194,99,446,15081026
20220515,150815051045,Beetzendorf,Gemeinde,1362,525,452,196,119,35,26,525,394,297,124,19,525,561,–,131,96,31,19,369,168,825,15081045
20220515,150815051095,Dähre,Gemeinde,647,224,253,81,52,24,12,224,215,145,59,9,224,295,–,63,44,13,9,159,91,399,15081095
20220515,150815051105,"Diesdorf, Flecken",Gemeinde,981,330,364,139,106,29,15,330,309,236,95,15,330,448,–,96,75,17,15,255,128,597,15081105
20220515,150815051225,Jübar,Gemeinde,688,218,248,107,76,26,16,218,204,177,75,16,218,301,–,80,57,20,16,162,109,414,15081225
20220515,150815051290,Kuhfelde,Gemeinde,454,130,169,86,37,24,9,130,161,121,32,11,130,240,–,43,25,7,11,102,60,287,15081290
20220515,150815051440,Rohrberg,Gemeinde,462,145,179,72,46,14,7,145,159,117,36,8,145,228,–,49,29,10,8,117,54,290,15081440
20220515,150815051545,Wallstawe,Gemeinde,359,91,136,64,40,13,9,91,125,103,27,9,91,201,–,25,20,3,9,72,68,219,15081545
20220515,150820005005,"Aken (Elbe), Stadt",Gemeinde,3805,1541,1508,455,207,58,35,1541,1295,606,298,64,1541,1594,–,306,246,52,64,1253,327,2224,15082005
20220515,150820015015,"Bitterfeld-Wolfen, Stadt",Gemeinde,20171,9948,6858,1959,944,275,188,9948,5580,2502,1687,453,9948,6552,4,1528,1398,288,453,6775,1322,12077,15082015
20220515,150820180180,"Köthen (Anhalt), Stadt",Gemeinde,13447,6878,4359,1311,595,214,89,6878,3407,1633,1136,393,6878,4170,–,870,948,190,393,4225,780,8444,15082180
20220515,150820241241,Muldestausee,Gemeinde,5576,1784,2332,830,483,100,46,1784,2105,1176,442,69,1784,2744,–,535,328,113,69,1731,649,3193,15082241
20220515,150820256256,Osternienburger Land,Gemeinde,3722,1165,1486,610,325,88,46,1165,1289,913,292,64,1165,1852,–,347,234,60,64,982,454,2293,15082256
20220515,150820301301,"Raguhn-Jeßnitz, Stadt",Gemeinde,4270,1461,1755,620,308,92,38,1461,1512,855,366,82,1461,1944,–,422,286,81,82,1283,449,2536,15082301
20220515,150820340340,"Sandersdorf-Brehna, Stadt",Gemeinde,7285,2980,2742,948,443,132,42,2980,2364,1279,548,115,2980,2976,–,666,445,103,115,2310,635,4339,15082340
20220515,150820377377,"Südliches Anhalt, Stadt",Gemeinde,6109,1946,2457,963,531,131,82,1946,2148,1363,530,119,1946,2962,3,550,422,105,119,1692,740,3677,15082377
20220515,150820430430,"Zerbst/Anhalt, Stadt",Gemeinde,10899,4673,3903,1364,677,190,98,4673,3212,1831,970,214,4673,4149,3,889,784,185,214,3186,947,6766,15082430
20220515,150820440440,"Zörbig, Stadt",Gemeinde,4281,1427,1669,691,346,103,44,1427,1449,963,362,84,1427,1982,–,430,285,75,84,1214,500,2566,15082440
20220515,150830040040,Barleben,Gemeinde,4329,1365,1767,690,399,81,31,1365,1523,1008,370,65,1365,2128,3,399,311,60,65,1183,428,2719,15083040
20220515,150830270270,"Haldensleben, Stadt",Gemeinde,9782,4274,3456,1200,583,188,78,4274,2856,1605,801,238,4274,3586,3,875,675,129,238,2698,764,6315,15083270
20220515,150830298298,Hohe Börde,Gemeinde,8745,2817,3318,1476,853,186,95,2817,2742,2229,797,161,2817,4072,4,897,653,141,161,1909,815,6021,15083298
20220515,150830390390,Niedere Börde,Gemeinde,3223,1017,1298,526,285,70,32,1017,1136,752,264,55,1017,1626,–,260,197,67,55,792,369,2062,15083390
20220515,150830411411,"Oebisfelde-Weferlingen, Stadt",Gemeinde,6360,2496,2220,925,550,106,61,2496,1832,1328,566,139,2496,2639,–,520,434,135,139,1632,623,4104,15083411
20220515,150830415415,"Oschersleben (Bode), Stadt",Gemeinde,9521,4365,3321,1044,528,187,78,4365,2696,1420,854,188,4365,3403,3,710,670,181,188,2804,771,5945,15083415
20220515,150830490490,Sülzetal,Gemeinde,4036,1254,1601,720,358,79,25,1254,1410,1018,303,56,1254,2054,3,372,247,54,56,1086,412,2539,15083490
20220515,150830531531,"Wanzleben-Börde, Stadt",Gemeinde,6670,2440,2502,958,525,165,75,2440,2122,1449,534,120,2440,2950,3,621,434,102,120,1782,683,4205,15083531
20220515,150830565565,"Wolmirstedt, Stadt",Gemeinde,6128,2501,2217,815,436,106,58,2501,1825,1103,541,158,2501,2396,3,527,465,80,158,1685,497,3945,15083565
20220515,150835051030,Angern,Gemeinde,940,315,369,131,90,29,9,315,327,218,72,14,315,441,–,96,56,14,14,257,107,576,15083030
20220515,150835051120,Burgstall,Gemeinde,655,208,260,90,73,17,9,208,229,156,56,11,208,314,–,71,41,12,11,181,96,376,15083120
20220515,150835051130,Colbitz,Gemeinde,1598,491,657,272,141,26,16,491,587,372,127,20,491,816,–,142,106,24,20,452,163,984,15083130
20220515,150835051361,Loitsche-Heinrichsberg,Gemeinde,440,160,152,68,41,13,3,160,134,112,30,9,160,200,–,46,25,8,9,119,50,274,15083361
20220515,150835051440,Rogätz,Gemeinde,1012,343,379,145,104,26,10,343,330,254,73,12,343,469,–,115,51,23,12,304,94,613,15083440
20220515,150835051557,Westheide,Gemeinde,763,221,313,126,76,20,6,221,269,192,68,6,221,379,–,82,54,17,6,191,90,482,15083557
20220515,150835051580,Zielitz,Gemeinde,904,318,367,108,87,22,5,318,336,194,51,8,318,444,–,86,41,9,8,270,76,557,15083580
20220515,150835052020,Altenhausen,Gemeinde,483,147,202,83,41,9,3,147,182,110,37,8,147,245,–,48,29,6,8,138,61,283,15083020
20220515,150835052060,Beendorf,Gemeinde,354,124,125,52,41,9,3,124,107,87,33,4,124,155,–,31,25,10,4,82,31,241,15083060
20220515,150835052115,Bülstringen,Gemeinde,376,101,150,69,46,6,5,101,144,102,22,8,101,210,–,39,20,3,8,96,42,237,15083115
20220515,150835052125,Calvörde,Gemeinde,1519,507,578,255,127,43,9,507,483,354,141,35,507,693,–,142,104,41,35,381,209,927,15083125
20220515,150835052205,Erxleben,Gemeinde,1246,376,512,182,132,28,10,376,415,289,140,30,376,576,–,131,103,31,30,282,163,797,15083205
20220515,150835052230,Flechtingen,Gemeinde,1267,431,465,203,128,24,14,431,383,304,124,23,431,563,–,126,100,24,23,331,159,768,15083230
20220515,150835052323,Ingersleben,Gemeinde,612,222,208,95,64,14,9,222,181,159,39,8,222,275,–,66,35,8,8,168,77,367,15083323
20220515,150835053190,Eilsleben,Gemeinde,1804,714,627,271,157,27,11,714,529,397,138,21,714,755,3,170,112,29,21,542,155,1106,15083190
20220515,150835053275,Harbke,Gemeinde,727,298,258,81,72,14,5,298,222,146,52,9,298,297,–,71,36,11,9,203,45,483,15083275
20220515,150835053320,Hötensleben,Gemeinde,1694,645,634,209,152,33,19,645,547,356,108,37,645,765,–,132,90,19,37,481,164,1054,15083320
20220515,150835053485,Sommersdorf,Gemeinde,640,224,232,113,56,9,5,224,214,156,40,8,224,309,–,60,32,8,8,202,69,377,15083485
20220515,150835053505,Ummendorf,Gemeinde,400,116,135,83,47,11,8,116,124,118,37,7,116,209,–,33,29,9,7,92,51,254,15083505
20220515,150835053515,Völpke,Gemeinde,597,243,209,86,40,7,4,243,177,109,56,13,243,242,–,43,45,12,13,187,53,360,15083515
20220515,150835053535,Wefensleben,Gemeinde,797,275,328,115,57,13,8,275,273,158,76,12,275,370,–,64,60,15,12,243,87,462,15083535
20220515,150835054025,Am Großen Bruch,Gemeinde,956,281,404,159,72,22,16,281,345,230,88,14,281,484,–,95,63,22,14,236,106,614,15083025
20220515,150835054035,Ausleben,Gemeinde,743,257,282,103,67,22,5,257,249,169,64,8,257,336,–,82,47,14,8,187,95,464,15083035
20220515,150835054245,"Gröningen, Stadt",Gemeinde,1596,568,612,238,119,47,15,568,536,342,120,27,568,753,–,125,105,15,27,458,161,973,15083245
20220515,150835054355,"Kroppenstedt, Stadt",Gemeinde,659,234,241,96,53,17,9,234,201,147,58,19,234,285,–,61,42,16,19,156,80,419,15083355
20220515,150840130130,Elsteraue,Gemeinde,3892,1343,1605,550,264,92,39,1343,1439,775,284,52,1343,1863,–,349,242,44,52,1226,419,2244,15084130
20220515,150840235235,"Hohenmölsen, Stadt",Gemeinde,4845,1993,1839,614,290,74,32,1993,1614,821,347,69,1993,2016,–,415,294,52,69,1553,433,2858,15084235
20220515,150840315315,"Lützen, Stadt",Gemeinde,3905,1324,1486,637,345,77,41,1324,1287,899,333,63,1324,1841,–,343,261,74,63,1088,455,2363,15084315
20220515,150840355355,"Naumburg (Saale), Stadt",Gemeinde,16553,7682,5605,1857,986,266,156,7682,4541,2531,1451,350,7682,5765,5,1304,1207,241,350,5265,1290,9997,15084355
20220515,150840490490,"Teuchern, Stadt",Gemeinde,3782,1381,1443,551,288,79,41,1381,1207,778,349,67,1381,1666,3,318,299,50,67,1074,366,2341,15084490
20220515,150840550550,"Weißenfels, Stadt",Gemeinde,19872,9097,6549,2405,1237,369,217,9097,5319,3184,1673,603,9097,6980,7,1513,1418,258,603,5826,1451,12595,15084550
20220515,150840590590,"Zeitz, Stadt",Gemeinde,15374,7789,5104,1471,663,209,148,7789,4245,1812,1208,320,7789,5010,3,1043,1022,183,320,5383,1112,8880,15084590
20220515,150845051012,An der Poststraße,Gemeinde,705,186,296,122,84,12,7,186,245,172,91,10,186,353,–,65,64,24,10,163,120,415,15084012
20220515,150845051015,"Bad Bibra, Stadt",Gemeinde,1169,386,427,187,106,44,23,386,369,283,117,19,386,528,–,124,97,21,19,340,188,646,15084015
20220515,150845051125,"Eckartsberga, Stadt",Gemeinde,1048,362,383,175,87,30,9,362,333,237,98,18,362,455,3,113,80,16,18,269,146,632,15084125
20220515,150845051132,Finne,Gemeinde,525,150,204,91,51,19,9,150,174,134,53,10,150,254,–,60,46,9,10,143,81,297,15084132
20220515,150845051133,Finneland,Gemeinde,448,126,191,67,42,14,10,126,174,106,34,10,126,237,–,48,26,6,10,145,65,243,15084133
20220515,150845051246,Kaiserpfalz,Gemeinde,756,241,276,129,70,22,16,241,252,185,67,16,241,352,–,81,50,13,16,205,120,433,15084246
20220515,150845051282,Lanitz-Hassel-Tal,Gemeinde,440,108,175,78,46,22,10,108,161,128,29,15,108,239,–,50,25,6,15,110,74,255,15084282
20220515,150845052115,Droyßig,Gemeinde,956,384,321,131,94,19,9,384,294,204,62,11,384,413,–,82,49,15,11,322,77,557,15084115
20220515,150845052207,Gutenborn,Gemeinde,782,224,313,139,74,23,10,224,272,197,80,9,224,377,–,85,59,21,9,198,109,482,15084207
20220515,150845052275,Kretzschau,Gemeinde,1105,379,441,157,88,24,15,379,390,236,79,18,379,533,–,92,70,13,18,345,117,638,15084275
20220515,150845052442,Schnaudertal,Gemeinde,411,114,177,64,36,19,–,114,158,104,33,3,114,212,–,52,27,8,3,102,58,253,15084442
20220515,150845052565,Wetterzeube,Gemeinde,794,232,342,130,53,18,14,232,310,176,64,11,232,408,–,80,49,18,11,245,99,448,15084565
20220515,150845053025,Balgstädt,Gemeinde,481,153,179,79,46,22,5,153,143,119,54,12,153,220,–,43,37,15,12,130,74,278,15084025
20220515,150845053135,"Freyburg (Unstrut), Stadt",Gemeinde,2216,913,794,289,157,43,18,913,677,405,179,37,913,892,–,195,151,29,37,697,240,1275,15084135
20220515,150845053150,Gleina,Gemeinde,537,162,226,81,48,10,9,162,187,126,57,9,162,268,–,47,38,17,9,136,85,317,15084150
20220515,150845053170,Goseck,Gemeinde,453,115,189,81,42,15,3,115,170,111,50,8,115,243,–,34,41,10,8,110,71,272,15084170
20220515,150845053250,Karsdorf,Gemeinde,767,336,273,90,50,17,3,336,232,110,80,11,336,281,–,58,68,12,11,286,82,405,15084250
20220515,150845053285,"Laucha an der Unstrut, Stadt",Gemeinde,1330,490,506,193,109,23,8,490,439,262,126,15,490,577,–,126,97,28,15,412,165,753,15084285
20220515,150845053360,"Nebra (Unstrut), Stadt",Gemeinde,1400,529,514,186,114,35,18,529,454,299,98,19,529,627,–,121,82,14,19,474,163,762,15084360
20220515,150845054013,Meineweh,Gemeinde,447,131,179,68,45,13,8,131,157,119,35,4,131,234,–,47,32,10,4,99,59,288,15084013
20220515,150845054335,Mertendorf,Gemeinde,708,212,280,99,83,20,13,212,246,181,58,7,212,354,–,73,44,18,7,173,98,437,15084335
20220515,150845054341,Molauer Land,Gemeinde,455,136,179,81,45,15,6,136,158,115,41,6,136,228,–,42,34,9,6,127,68,266,15084341
20220515,150845054375,"Osterfeld, Stadt",Gemeinde,1121,372,429,188,95,27,13,372,388,256,76,28,372,528,–,116,59,20,28,331,147,645,15084375
20220515,150845054445,Schönburg,Gemeinde,480,130,212,73,47,9,9,130,187,111,42,14,130,246,–,52,33,8,14,109,79,293,15084445
20220515,150845054470,"Stößen, Stadt",Gemeinde,412,134,188,50,39,6,–,134,164,80,35,3,134,192,–,46,35,3,3,124,34,255,15084470
20220515,150845054560,Wethau,Gemeinde,404,105,195,56,35,11,–,105,169,84,38,10,105,224,–,25,27,11,10,109,60,235,15084560
20220515,150850040040,"Ballenstedt, Stadt",Gemeinde,4299,1708,1623,544,297,94,36,1708,1403,789,343,61,1708,1827,–,361,282,60,61,1391,397,2515,15085040
20220515,150850055055,"Blankenburg (Harz), Stadt",Gemeinde,10008,4248,3685,1191,627,170,86,4248,3163,1653,813,134,4248,3906,–,907,675,137,134,3261,813,5936,15085055
20220515,150850110110,"Falkenstein/Harz, Stadt",Gemeinde,2484,874,1020,359,157,46,25,874,910,464,189,45,874,1149,–,223,149,43,45,761,318,1405,15085110
20220515,150850135135,"Halberstadt, Stadt",Gemeinde,20621,10499,6989,1885,897,235,112,10499,5647,2377,1651,450,10499,6722,8,1293,1409,244,450,6648,1272,12701,15085135
20220515,150850145145,"Harzgerode, Stadt",Gemeinde,3702,1453,1469,440,224,64,53,1453,1287,621,279,67,1453,1622,3,281,224,58,67,1258,433,2011,15085145
20220515,150850185185,Huy,Gemeinde,3251,1248,1212,453,236,61,41,1248,1005,621,317,59,1248,1370,–,253,255,65,59,909,350,1989,15085185
20220515,150850190190,"Ilsenburg (Harz), Stadt",Gemeinde,4768,1879,1763,613,408,67,38,1879,1502,927,394,65,1879,1998,4,430,314,77,65,1393,382,2993,15085190
20220515,150850227227,Nordharz,Gemeinde,3519,1063,1365,587,359,97,46,1063,1169,914,329,39,1063,1729,–,356,278,51,39,843,422,2249,15085227
20220515,150850228228,"Oberharz am Brocken, Stadt",Gemeinde,4958,1890,1986,616,344,90,43,1890,1744,854,402,74,1890,2249,–,341,331,72,74,1594,599,2769,15085228
20220515,150850230230,"Osterwieck, Stadt",Gemeinde,5428,1978,2017,770,468,125,69,1978,1745,1183,433,88,1978,2453,–,476,318,112,88,1505,575,3348,15085230
20220515,150850235235,"Quedlinburg, Welterbestadt",Gemeinde,12726,6098,4398,1323,630,183,96,6098,3665,1654,1095,212,6098,4323,11,990,926,171,212,4097,881,7749,15085235
20220515,150850330330,"Thale, Stadt",Gemeinde,8610,3501,3334,1057,512,135,66,3501,2847,1400,697,163,3501,3537,3,708,588,109,163,2888,787,4934,15085330
20220515,150850370370,"Wernigerode, Stadt",Gemeinde,17947,8689,6037,1868,981,269,106,8689,5039,2475,1337,413,8689,6183,4,1326,1131,207,413,5521,1259,11173,15085370
20220515,150855051090,Ditfurt,Gemeinde,700,226,287,115,50,11,9,226,231,154,73,17,226,297,–,87,57,14,17,180,88,432,15085090
20220515,150855051125,Groß Quenstedt,Gemeinde,397,141,141,62,43,5,6,141,117,94,40,4,141,176,–,42,31,11,4,106,37,246,15085125
20220515,150855051140,Harsleben / Harschlewe,Gemeinde,997,305,400,163,101,23,5,305,368,248,62,12,305,509,–,108,51,14,12,267,108,618,15085140
20220515,150855051160,Hedersleben,Gemeinde,653,243,258,95,39,17,–,243,196,128,68,19,243,247,–,75,60,10,19,187,84,383,15085160
20220515,150855051285,"Schwanebeck, Stadt",Gemeinde,1129,405,443,162,80,26,13,405,365,232,110,15,405,490,–,107,85,22,15,300,113,715,15085285
20220515,150855051287,Selke-Aue,Gemeinde,624,202,241,103,49,14,10,202,221,135,60,6,202,297,–,58,48,11,6,180,89,354,15085287
20220515,150855051365,"Wegeleben, Stadt",Gemeinde,1176,413,467,161,88,29,15,413,381,248,105,22,413,519,–,110,86,17,22,333,164,678,15085365
20220515,150860005005,Biederitz,Gemeinde,4056,1404,1593,590,348,84,37,1404,1392,868,335,56,1404,1841,3,421,246,86,56,1060,380,2616,15086005
20220515,150860015015,"Burg, Stadt",Gemeinde,11473,5410,3819,1299,611,216,113,5410,3180,1717,911,257,5410,4060,–,835,758,150,257,3462,770,7241,15086015
20220515,150860035035,Elbe-Parey,Gemeinde,3087,1050,1245,476,224,62,30,1050,1090,657,243,52,1050,1474,–,275,193,49,52,945,337,1807,15086035
20220515,150860040040,"Genthin, Stadt",Gemeinde,7015,3089,2497,819,400,120,90,3089,2142,1109,551,128,3089,2720,3,528,461,88,128,2213,656,4142,15086040
20220515,150860055055,"Gommern, Stadt",Gemeinde,5060,1881,1947,685,412,91,46,1881,1678,1016,417,68,1881,2296,–,394,350,69,68,1552,440,3070,15086055
20220515,150860080080,"Jerichow, Stadt",Gemeinde,3176,1122,1234,448,263,74,37,1122,1030,659,297,69,1122,1417,3,278,232,66,69,885,399,1898,15086080
20220515,150860140140,"Möckern, Stadt",Gemeinde,5985,2090,2242,945,500,139,68,2090,1848,1292,575,179,2090,2662,3,473,461,116,179,1601,678,3703,15086140
20220515,150860145145,Möser,Gemeinde,3828,1067,1612,630,390,99,29,1067,1407,976,322,49,1067,2007,–,383,269,55,49,1013,371,2439,15086145
20220515,150870015015,"Allstedt, Stadt",Gemeinde,3560,1157,1456,528,295,90,39,1157,1228,772,350,56,1157,1677,–,321,287,61,56,998,442,2117,15087015
20220515,150870031031,"Arnstein, Stadt",Gemeinde,3068,1057,1260,448,229,51,26,1057,1091,602,265,52,1057,1413,–,278,196,68,52,1000,391,1676,15087031
20220515,150870130130,"Eisleben, Lutherstadt",Gemeinde,11789,5566,3913,1325,655,200,132,5566,3195,1740,1083,210,5566,4129,3,800,887,193,210,3710,922,7160,15087130
20220515,150870165165,"Gerbstedt, Stadt",Gemeinde,3295,1155,1325,476,236,74,30,1155,1167,629,284,54,1155,1536,–,269,215,72,54,1029,383,1883,15087165
20220515,150870220220,"Hettstedt, Stadt",Gemeinde,7145,3411,2567,710,309,95,55,3411,2168,877,583,111,3411,2574,–,472,483,102,111,2548,542,4058,15087220
20220515,150870275275,"Mansfeld, Stadt",Gemeinde,4088,1405,1704,612,254,77,33,1405,1494,786,349,54,1405,1959,–,321,266,82,54,1403,497,2189,15087275
20220515,150870370370,"Sangerhausen, Stadt",Gemeinde,13664,6108,4994,1514,725,217,109,6108,4218,1943,1143,252,6108,5223,4,936,957,183,252,4675,1167,7819,15087370
20220515,150870386386,Seegebiet Mansfelder Land,Gemeinde,4351,1641,1702,625,290,66,30,1641,1478,742,406,85,1641,1881,3,335,351,59,85,1351,495,2509,15087386
20220515,150870412412,Südharz,Gemeinde,4395,1653,1671,629,308,97,40,1653,1436,860,362,80,1653,1949,–,347,280,81,80,1356,530,2503,15087412
20220515,150875051055,Berga,Gemeinde,772,246,297,128,76,17,7,246,246,193,76,12,246,359,–,77,55,22,12,224,96,453,15087055
20220515,150875051101,Brücken-Hackpfüffel,Gemeinde,472,160,179,76,44,5,3,160,167,107,41,–,160,224,–,49,22,14,–,149,50,273,15087101
20220515,150875051125,Edersleben,Gemeinde,436,111,183,84,42,6,3,111,165,112,37,9,111,242,–,35,29,6,9,118,74,237,15087125
20220515,150875051250,"Kelbra (Kyffhäuser), Stadt",Gemeinde,1587,599,580,225,126,37,20,599,486,343,135,24,599,713,–,117,113,20,24,513,211,863,15087250
20220515,150875051440,Wallhausen,Gemeinde,1133,400,448,159,92,25,9,400,400,221,98,13,400,532,–,90,86,14,13,372,123,635,15087440
20220515,150875052010,Ahlsdorf,Gemeinde,728,213,326,92,67,18,11,213,281,163,55,8,213,357,–,87,49,12,8,217,74,435,15087010
20220515,150875052045,Benndorf,Gemeinde,1074,539,363,98,47,17,5,539,293,120,109,15,539,341,–,73,92,13,15,365,78,636,15087045
20220515,150875052070,Blankenheim,Gemeinde,536,162,226,90,40,8,7,162,203,123,39,4,162,290,–,36,33,3,4,172,76,283,15087070
20220515,150875052075,Bornstedt,Gemeinde,367,113,143,61,41,4,9,113,128,80,36,5,113,179,–,29,24,13,5,106,61,201,15087075
20220515,150875052205,Helbra,Gemeinde,1902,777,725,227,127,33,10,777,597,323,181,28,777,759,–,159,152,30,28,637,160,1105,15087205
20220515,150875052210,Hergisdorf,Gemeinde,722,249,302,106,48,17,4,249,278,143,47,6,249,353,–,67,40,6,6,261,88,372,15087210
20220515,150875052260,Klostermansfeld,Gemeinde,1135,437,461,144,76,17,4,437,396,191,97,10,437,487,–,95,79,21,10,420,114,602,15087260
20220515,150875052470,Wimmelburg,Gemeinde,517,150,227,87,41,10,–,150,202,125,38,6,150,279,–,42,34,3,6,180,61,280,15087470
20220515,150880020020,"Bad Dürrenberg, Solestadt",Gemeinde,6080,2954,1999,666,305,98,54,2954,1674,893,451,109,2954,2117,–,450,374,78,109,2031,409,3641,15088020
20220515,150880025025,"Bad Lauchstädt, Goethestadt",Gemeinde,4270,1644,1511,641,348,88,44,1644,1298,930,341,57,1644,1830,–,395,263,76,57,1191,405,2674,15088025
20220515,150880065065,"Braunsbedra, Stadt",Gemeinde,5337,2319,1831,722,320,95,49,2319,1497,949,471,95,2319,2051,–,397,364,110,95,1571,503,3268,15088065
20220515,150880150150,Kabelsketal,Gemeinde,4147,1362,1585,703,343,102,52,1362,1371,993,345,74,1362,1891,–,474,272,75,74,950,421,2777,15088150
20220515,150880195195,"Landsberg, Stadt",Gemeinde,6798,2105,2714,1127,621,167,66,2105,2290,1654,604,143,2105,3288,–,661,466,136,143,1655,746,4399,15088195
20220515,150880205205,"Leuna, Stadt",Gemeinde,6698,2395,2507,1017,564,158,63,2395,2139,1465,591,114,2395,2873,–,728,465,127,114,1742,685,4274,15088205
20220515,150880216216,"Wettin-Löbejün, Stadt",Gemeinde,4539,1450,1820,705,404,113,41,1450,1558,1015,438,78,1450,2113,4,454,346,89,78,1249,558,2727,15088216
20220515,150880220220,"Merseburg, Stadt",Gemeinde,18172,9274,5493,1870,982,318,230,9274,4372,2580,1507,437,9274,5525,–,1427,1257,249,437,5475,1042,11652,15088220
20220515,150880235235,"Mücheln (Geiseltal), Stadt",Gemeinde,4014,1486,1459,600,337,88,49,1486,1184,865,403,76,1486,1717,3,329,326,74,76,1116,483,2410,15088235
20220515,150880295295,Petersberg,Gemeinde,4229,1183,1755,737,400,97,54,1183,1552,1056,370,69,1183,2203,–,403,290,82,69,1123,546,2560,15088295
20220515,150880305305,"Querfurt, Stadt",Gemeinde,5203,2203,1823,696,347,81,53,2203,1489,922,491,102,2203,2056,3,353,406,82,102,1627,568,3009,15088305
20220515,150880319319,Salzatal,Gemeinde,5389,1698,2293,815,397,137,51,1698,2039,1180,397,80,1698,2672,9,536,318,77,80,1590,602,3197,15088319
20220515,150880330330,Schkopau,Gemeinde,5001,1564,1983,834,452,131,41,1564,1704,1218,429,86,1564,2362,3,561,334,93,86,1284,509,3211,15088330
20220515,150880365365,Teutschenthal,Gemeinde,6222,1930,2674,978,477,109,56,1930,2357,1341,495,99,1930,3117,5,579,388,103,99,1884,698,3639,15088365
20220515,150885051030,Barnstädt,Gemeinde,431,122,177,75,45,10,5,122,160,106,36,5,122,227,3,38,26,8,5,135,59,231,15088030
20220515,150885051100,Farnstädt,Gemeinde,669,201,270,115,58,17,8,201,239,166,48,12,201,333,–,73,41,10,12,185,99,386,15088100
20220515,150885051250,Nemsdorf-Göhrendorf,Gemeinde,366,99,151,67,39,8,–,99,134,93,31,9,99,181,–,42,26,3,9,95,57,215,15088250
20220515,150885051265,Obhausen,Gemeinde,984,286,374,192,97,24,13,286,342,279,68,14,286,516,–,101,60,7,14,269,153,565,15088265
20220515,150885051340,"Schraplau, Stadt",Gemeinde,519,172,228,64,37,8,9,172,213,85,47,3,172,260,–,42,37,7,3,177,51,290,15088340
20220515,150885051355,Steigra,Gemeinde,478,140,174,89,49,17,10,140,149,133,47,3,140,233,–,49,32,16,3,114,86,275,15088355
20220515,150890015015,"Aschersleben, Stadt",Gemeinde,14287,7223,4610,1433,680,213,135,7223,3820,1859,1133,256,7223,4657,3,1020,995,135,256,4485,966,8836,15089015
20220515,150890026026,"Barby, Stadt",Gemeinde,3947,1474,1498,576,281,88,29,1474,1316,793,303,60,1474,1754,3,351,235,66,60,1188,415,2341,15089026
20220515,150890030030,"Bernburg (Saale), Stadt",Gemeinde,17417,8627,5917,1717,865,182,105,8627,4920,2201,1301,370,8627,5911,–,1206,1079,219,370,5223,1154,11039,15089030
20220515,150890042042,Bördeland,Gemeinde,3528,1089,1460,550,326,73,31,1089,1272,778,333,63,1089,1745,3,300,275,57,63,940,370,2224,15089042
20220515,150890055055,"Calbe (Saale), Stadt",Gemeinde,4551,2158,1558,500,240,56,34,2158,1312,637,353,88,2158,1619,–,331,296,55,88,1610,377,2559,15089055
20220515,150890175175,"Hecklingen, Stadt",Gemeinde,3108,1075,1192,483,246,70,39,1075,1024,672,285,51,1075,1401,–,297,240,43,51,887,345,1868,15089175
20220515,150890195195,"Könnern, Stadt",Gemeinde,3751,1206,1548,584,277,98,39,1206,1318,801,346,78,1206,1748,–,368,266,82,78,1072,439,2239,15089195
20220515,150890235235,"Nienburg (Saale), Stadt",Gemeinde,2994,1212,1117,410,175,44,34,1212,946,562,215,67,1212,1283,3,216,173,44,67,951,324,1717,15089235
20220515,150890305305,"Schönebeck (Elbe), Stadt",Gemeinde,16549,8095,5470,1690,893,259,149,8095,4450,2279,1354,369,8095,5623,6,1104,1023,328,369,5489,1065,9998,15089305
20220515,150890307307,"Seeland, Stadt",Gemeinde,3825,1579,1408,488,254,68,28,1579,1181,652,337,76,1579,1518,–,316,238,96,76,1130,357,2336,15089307
20220515,150890310310,"Staßfurt, Stadt",Gemeinde,12790,5945,4463,1465,632,181,104,5945,3702,1763,1132,247,5945,4693,–,767,945,186,247,4055,998,7734,15089310
20220515,150895051041,Bördeaue,Gemeinde,867,307,327,130,69,22,9,307,278,186,78,23,307,378,–,80,63,18,23,231,86,549,15089041
20220515,150895051043,Börde-Hakel,Gemeinde,1401,490,550,187,110,46,14,490,465,288,140,17,490,645,–,108,108,29,17,412,165,820,15089043
20220515,150895051045,Borne,Gemeinde,579,198,236,87,49,10,–,198,201,117,54,4,198,262,–,61,40,14,4,149,54,370,15089045
20220515,150895051075,"Egeln, Stadt",Gemeinde,1680,763,604,189,103,24,5,763,501,229,155,35,763,620,–,110,127,26,35,561,147,976,15089075
20220515,150895051365,Wolmirsleben,Gemeinde,670,211,294,105,45,14,–,211,272,138,44,5,211,351,–,63,38,9,5,199,57,414,15089365
20220515,150895052005,"Alsleben (Saale), Stadt",Gemeinde,1241,472,429,194,114,24,12,472,350,270,123,30,472,498,–,119,104,17,30,371,111,759,15089005
20220515,150895052130,Giersleben,Gemeinde,412,127,155,69,39,11,8,127,146,99,26,8,127,208,–,42,20,9,8,107,48,252,15089130
20220515,150895052165,"Güsten, Stadt",Gemeinde,1952,760,728,254,156,33,22,760,604,378,174,36,760,811,3,170,147,26,36,588,193,1171,15089165
20220515,150895052185,Ilberstedt,Gemeinde,466,150,203,60,39,5,3,150,169,102,36,8,150,235,–,41,35,4,8,150,52,261,15089185
20220515,150895052245,Plötzkau,Gemeinde,539,159,215,93,53,14,4,159,200,142,33,5,159,283,–,57,21,10,5,153,65,321,15089245
20220515,150900070070,"Bismark (Altmark), Stadt",Gemeinde,3698,1337,1379,492,325,116,49,1337,1165,798,337,60,1337,1667,3,294,266,68,60,1012,461,2225,15090070
20220515,150900225225,"Havelberg, Hansestadt",Gemeinde,3452,1632,1226,363,151,60,18,1632,1030,469,263,58,1632,1230,–,266,216,43,58,1057,299,2095,15090225
20220515,150900415415,"Osterburg (Altmark), Hansestadt",Gemeinde,4974,2245,1715,581,306,94,39,2245,1423,783,444,81,2245,1828,–,375,357,85,81,1543,446,2985,15090415
20220515,150900535535,"Stendal, Hansestadt",Gemeinde,20285,10339,6168,2104,1069,370,236,10339,4863,2800,1840,440,10339,6247,8,1412,1549,294,440,5577,1303,13404,15090535
20220515,150900546546,"Tangerhütte, Stadt",Gemeinde,5206,2084,1897,694,385,89,48,2084,1554,960,498,108,2084,2079,3,433,424,77,108,1642,538,3027,15090546
20220515,150900550550,"Tangermünde, Stadt",Gemeinde,5415,2376,1957,624,325,88,48,2376,1639,838,449,108,2376,1998,–,476,377,74,108,1620,432,3364,15090550
20220515,150905051010,"Arneburg, Stadt",Gemeinde,702,267,284,85,47,13,7,267,245,127,57,12,267,305,–,62,38,15,12,230,71,402,15090010
20220515,150905051135,Eichstedt (Altmark),Gemeinde,382,126,155,41,38,14,9,126,138,77,38,6,126,180,–,32,29,7,6,92,49,238,15090135
20220515,150905051180,Goldbeck,Gemeinde,616,178,236,105,56,18,16,178,202,160,63,9,178,296,3,65,56,11,9,163,79,373,15090180
20220515,150905051220,Hassel,Gemeinde,414,103,198,68,33,3,5,103,178,90,32,5,103,217,–,53,23,9,5,88,43,279,15090220
20220515,150905051245,Hohenberg-Krusemark,Gemeinde,544,184,197,91,45,13,10,184,192,124,40,3,184,257,–,63,35,7,3,140,57,349,15090245
20220515,150905051270,Iden,Gemeinde,386,158,150,43,23,6,6,158,137,58,31,9,158,173,3,17,25,9,9,103,47,234,15090270
20220515,150905051435,Rochau,Gemeinde,445,123,189,74,46,12,3,123,164,105,45,11,123,220,–,54,29,13,11,106,64,276,15090435
20220515,150905051610,"Werben (Elbe), Hansestadt",Gemeinde,509,224,185,60,29,8,6,224,159,83,39,4,224,209,–,34,30,6,4,172,53,283,15090610
20220515,150905052285,Kamern,Gemeinde,537,184,212,76,44,12,7,184,191,118,44,7,184,246,–,56,31,10,7,153,80,301,15090285
20220515,150905052310,Klietz,Gemeinde,709,268,276,83,50,20,12,268,241,135,58,7,268,322,–,51,48,11,7,234,79,399,15090310
20220515,150905052445,"Sandau (Elbe), Stadt",Gemeinde,393,138,167,60,18,3,9,138,149,73,24,8,138,194,–,26,21,6,8,116,39,234,15090445
20220515,150905052485,Schollene,Gemeinde,540,210,209,70,42,3,3,210,170,100,49,6,210,228,–,41,38,9,6,180,57,306,15090485
20220515,150905052500,Schönhausen (Elbe),Gemeinde,1054,380,405,138,96,20,9,380,340,211,110,13,380,451,–,94,91,19,13,307,117,626,15090500
20220515,150905052631,Wust-Fischbeck,Gemeinde,556,169,215,92,52,16,7,169,182,144,51,6,169,277,–,48,35,19,6,151,81,329,15090631
20220515,150905053003,Aland,Gemeinde,628,215,237,87,59,18,10,215,203,144,56,9,215,292,–,58,46,13,9,162,78,388,15090003
20220515,150905053007,Altmärkische Höhe,Gemeinde,771,237,280,145,69,22,16,237,246,203,72,10,237,378,–,72,51,18,10,204,112,454,15090007
20220515,150905053008,Altmärkische Wische,Gemeinde,386,129,151,52,38,12,6,129,130,91,29,10,129,185,–,35,21,10,10,100,44,244,15090008
20220515,150905053520,"Seehausen (Altmark), Hansestadt",Gemeinde,2425,1049,862,279,173,47,19,1049,729,398,199,51,1049,929,–,195,164,38,51,776,231,1420,15090520
20220515,150905053635,Zehrental,Gemeinde,379,110,148,58,45,12,5,110,126,97,37,8,110,198,–,30,37,3,8,104,54,228,15090635
20220515,150910010010,"Annaburg, Stadt",Gemeinde,3173,1212,1187,408,249,71,48,1212,1001,614,287,57,1212,1367,–,247,234,56,57,928,401,1844,15091010
20220515,150910020020,"Bad Schmiedeberg, Stadt",Gemeinde,4119,1711,1468,558,259,83,37,1711,1260,749,341,59,1711,1674,3,334,271,67,59,1394,489,2238,15091020
20220515,150910060060,"Coswig (Anhalt), Stadt",Gemeinde,5808,2366,2245,698,359,96,47,2366,1894,912,516,120,2366,2381,3,420,435,85,120,1854,583,3371,15091060
20220515,150910110110,"Gräfenhainichen, Stadt",Gemeinde,5947,2594,2116,750,365,81,48,2594,1807,964,489,90,2594,2359,3,415,395,90,90,1961,592,3398,15091110
20220515,150910145145,"Jessen (Elster), Stadt",Gemeinde,6678,2590,2414,897,535,153,87,2590,2033,1336,571,153,2590,2818,–,549,467,102,153,1875,772,4030,15091145
20220515,150910160160,"Kemberg, Stadt",Gemeinde,4630,1596,1844,658,381,108,46,1596,1618,966,380,75,1596,2185,–,395,299,83,75,1485,583,2563,15091160
20220515,150910241241,"Oranienbaum-Wörlitz, Stadt",Gemeinde,3968,1506,1535,573,265,72,24,1506,1263,746,378,73,1506,1660,3,349,307,73,73,1215,433,2319,15091241
20220515,150910375375,"Wittenberg, Lutherstadt",Gemeinde,24365,11560,8197,2601,1388,408,208,11560,6617,3418,2224,544,11560,8463,7,1564,1846,376,544,7802,1815,14749,15091375
20220515,150910391391,"Zahna-Elster, Stadt",Gemeinde,4338,1512,1603,677,384,112,51,1512,1376,963,418,69,1512,1961,–,375,357,60,69,1247,558,2532,15091391
