Berichtszeitpunkt,_RS,Name,Regionalebene,ET_WIRTSZWG_STP,ET_WIRTSZWG_STP__M,ET_WIRTSZWG_STP__W,ET_WIRTSZWG_STP__1,ET_WIRTSZWG_STP__1_M,ET_WIRTSZWG_STP__1_W,ET_WIRTSZWG_STP__2,ET_WIRTSZWG_STP__2_M,ET_WIRTSZWG_STP__2_W,ET_WIRTSZWG_STP__21,ET_WIRTSZWG_STP__21_M,ET_WIRTSZWG_STP__21_W,ET_WIRTSZWG_STP__22,ET_WIRTSZWG_STP__22_M,ET_WIRTSZWG_STP__22_W,ET_WIRTSZWG_STP__23,ET_WIRTSZWG_STP__23_M,ET_WIRTSZWG_STP__23_W,ET_WIRTSZWG_STP__3,ET_WIRTSZWG_STP__3_M,ET_WIRTSZWG_STP__3_W,ET_WIRTSZWG_STP__31,ET_WIRTSZWG_STP__31_M,ET_WIRTSZWG_STP__31_W,ET_WIRTSZWG_STP__32,ET_WIRTSZWG_STP__32_M,ET_WIRTSZWG_STP__32_W,ET_WIRTSZWG_STP__33,ET_WIRTSZWG_STP__33_M,ET_WIRTSZWG_STP__33_W,ET_WIRTSZWG_STP__34,ET_WIRTSZWG_STP__34_M,ET_WIRTSZWG_STP__34_W,ET_WIRTSZWG_STP__35,ET_WIRTSZWG_STP__35_M,ET_WIRTSZWG_STP__35_W,ET_WIRTSZWG_STP__36,ET_WIRTSZWG_STP__36_M,ET_WIRTSZWG_STP__36_W,ags
20220515,150010000000,"Dessau-Roßlau, Stadt",Gemeinde,32710,16550,16160,540,380,/,9080,6830,2250,6100,4250,1860,620,530,/,2360,2060,300,23090,9340,13750,4640,2120,2520,2590,1860,730,1000,460,530,1850,1000,850,3390,1430,1950,9630,2460,7170,15001000
20220515,150020000000,"Halle (Saale), Stadt",Gemeinde,102090,52450,49640,690,360,330,17980,14220,3760,9530,7280,2250,1950,1560,400,6500,5380,1120,83420,37870,45550,11820,5650,6170,13510,9820,3690,3010,1350,1660,8470,4410,4060,9010,3840,5170,37600,12790,24800,15002000
20220515,150030000000,"Magdeburg, Landeshauptstadt",Gemeinde,109200,58620,50580,970,680,290,22430,18160,4260,13040,10300,2740,2480,1940,550,6900,5920,980,85800,39780,46020,15050,7310,7740,14100,10080,4030,3170,1400,1770,10360,5760,4590,10330,4620,5710,32800,10610,22190,15003000
20220515,150810030030,"Arendsee (Altmark), Stadt",Gemeinde,/,/,/,/,/,/,/,/,/,/,/,/,/,/,/,/,/,/,/,/,/,/,/,/,/,/,/,/,/,/,/,/,/,/,/,/,/,/,/,15081030
20220515,150810135135,"Gardelegen, Hansestadt",Gemeinde,10510,5500,5010,480,340,/,3600,2680,920,2500,1740,760,/,/,/,960,820,/,6420,2480,3940,1710,650,1060,630,510,/,/,/,/,570,340,230,520,220,300,2820,700,2120,15081135
20220515,150810240240,"Kalbe (Milde), Stadt",Gemeinde,/,/,/,/,/,/,/,/,/,/,/,/,/,/,/,/,/,/,/,/,/,/,/,/,/,/,/,/,/,/,/,/,/,/,/,/,/,/,/,15081240
20220515,150810280280,"Klötze, Stadt",Gemeinde,/,/,/,/,/,/,/,/,/,/,/,/,/,/,/,/,/,/,/,/,/,/,/,/,/,/,/,/,/,/,/,/,/,/,/,/,/,/,/,15081280
20220515,150810455455,"Salzwedel, Hansestadt",Gemeinde,9980,5230,4740,350,300,/,2990,2360,630,1920,1410,510,/,/,/,920,830,/,6640,2580,4060,1530,720,820,920,590,340,/,/,/,460,250,210,730,320,410,2840,680,2160,15081455
20220515,150815051026,"Apenburg-Winterfeld, Flecken",Gemeinde,/,/,/,/,/,/,/,/,/,/,/,/,/,/,/,/,/,/,/,/,/,/,/,/,/,/,/,/,/,/,/,/,/,/,/,/,/,/,/,15081026
20220515,150815051045,Beetzendorf,Gemeinde,/,/,/,/,/,/,/,/,/,/,/,/,/,/,/,/,/,/,/,/,/,/,/,/,/,/,/,/,/,/,/,/,/,/,/,/,/,/,/,15081045
20220515,150815051095,Dähre,Gemeinde,/,/,/,/,/,/,/,/,/,/,/,/,/,/,/,/,/,/,/,/,/,/,/,/,/,/,/,/,/,/,/,/,/,/,/,/,/,/,/,15081095
20220515,150815051105,"Diesdorf, Flecken",Gemeinde,/,/,/,/,/,/,/,/,/,/,/,/,/,/,/,/,/,/,/,/,/,/,/,/,/,/,/,/,/,/,/,/,/,/,/,/,/,/,/,15081105
20220515,150815051225,Jübar,Gemeinde,/,/,/,/,/,/,/,/,/,/,/,/,/,/,/,/,/,/,/,/,/,/,/,/,/,/,/,/,/,/,/,/,/,/,/,/,/,/,/,15081225
20220515,150815051290,Kuhfelde,Gemeinde,/,/,/,/,/,/,/,/,/,/,/,/,/,/,/,/,/,/,/,/,/,/,/,/,/,/,/,/,/,/,/,/,/,/,/,/,/,/,/,15081290
20220515,150815051440,Rohrberg,Gemeinde,/,/,/,/,/,/,/,/,/,/,/,/,/,/,/,/,/,/,/,/,/,/,/,/,/,/,/,/,/,/,/,/,/,/,/,/,/,/,/,15081440
20220515,150815051545,Wallstawe,Gemeinde,/,/,/,/,/,/,/,/,/,/,/,/,/,/,/,/,/,/,/,/,/,/,/,/,/,/,/,/,/,/,/,/,/,/,/,/,/,/,/,15081545
20220515,150820005005,"Aken (Elbe), Stadt",Gemeinde,/,/,/,/,/,/,/,/,/,/,/,/,/,/,/,/,/,/,/,/,/,/,/,/,/,/,/,/,/,/,/,/,/,/,/,/,/,/,/,15082005
20220515,150820015015,"Bitterfeld-Wolfen, Stadt",Gemeinde,15770,8540,7240,240,/,/,5720,4350,1370,3820,2820,1000,510,310,/,1390,1230,/,9810,4030,5780,1930,790,1140,1620,1090,530,330,/,220,890,490,400,1140,590,550,3900,960,2940,15082015
20220515,150820180180,"Köthen (Anhalt), Stadt",Gemeinde,9750,5200,4540,350,/,/,2500,2050,450,1410,1090,320,/,/,/,910,830,/,6900,2950,3950,1190,540,650,790,630,/,/,/,/,730,440,290,900,390,510,3100,840,2260,15082180
20220515,150820241241,Muldestausee,Gemeinde,5760,2980,2780,/,/,/,1720,1280,450,980,750,230,270,/,/,480,360,/,3930,1630,2300,1140,430,710,610,370,230,/,/,/,350,240,/,490,240,250,1260,320,940,15082241
20220515,150820256256,Osternienburger Land,Gemeinde,/,/,/,/,/,/,/,/,/,/,/,/,/,/,/,/,/,/,/,/,/,/,/,/,/,/,/,/,/,/,/,/,/,/,/,/,/,/,/,15082256
20220515,150820301301,"Raguhn-Jeßnitz, Stadt",Gemeinde,/,/,/,/,/,/,/,/,/,/,/,/,/,/,/,/,/,/,/,/,/,/,/,/,/,/,/,/,/,/,/,/,/,/,/,/,/,/,/,15082301
20220515,150820340340,"Sandersdorf-Brehna, Stadt",Gemeinde,6710,3490,3210,/,/,/,2310,1710,600,1530,1080,450,240,/,/,540,450,/,4330,1740,2590,890,380,510,800,580,220,/,/,/,360,/,/,550,240,310,1580,280,1300,15082340
20220515,150820377377,"Südliches Anhalt, Stadt",Gemeinde,6180,3390,2790,340,250,/,2010,1590,420,1220,950,280,/,/,/,730,600,/,3830,1550,2280,730,280,450,540,420,/,/,/,/,300,/,/,490,/,290,1680,450,1230,15082377
20220515,150820430430,"Zerbst/Anhalt, Stadt",Gemeinde,9910,5210,4700,550,430,/,3580,2530,1050,2330,1580,760,240,220,/,1000,740,260,5780,2250,3540,1350,500,860,660,470,/,210,/,/,450,/,260,840,390,450,2270,600,1670,15082430
20220515,150820440440,"Zörbig, Stadt",Gemeinde,/,/,/,/,/,/,/,/,/,/,/,/,/,/,/,/,/,/,/,/,/,/,/,/,/,/,/,/,/,/,/,/,/,/,/,/,/,/,/,15082440
20220515,150830040040,Barleben,Gemeinde,/,/,/,/,/,/,/,/,/,/,/,/,/,/,/,/,/,/,/,/,/,/,/,/,/,/,/,/,/,/,/,/,/,/,/,/,/,/,/,15083040
20220515,150830270270,"Haldensleben, Stadt",Gemeinde,9000,4600,4400,210,/,/,2600,2040,550,1890,1420,480,/,/,/,630,570,/,6190,2420,3770,1510,640,870,1010,690,330,/,/,/,390,/,/,500,/,300,2650,640,2010,15083270
20220515,150830298298,Hohe Börde,Gemeinde,9850,5070,4780,350,250,/,2570,2180,400,1430,1220,220,280,230,/,860,730,/,6920,2640,4280,1430,560,860,1150,650,500,/,/,/,360,220,/,1040,450,590,2760,700,2070,15083298
20220515,150830390390,Niedere Börde,Gemeinde,/,/,/,/,/,/,/,/,/,/,/,/,/,/,/,/,/,/,/,/,/,/,/,/,/,/,/,/,/,/,/,/,/,/,/,/,/,/,/,15083390
20220515,150830411411,"Oebisfelde-Weferlingen, Stadt",Gemeinde,6250,3410,2840,/,/,/,2400,1910,480,1730,1330,400,/,/,/,540,460,/,3640,1350,2290,840,290,550,450,370,/,/,/,/,290,/,/,340,/,/,1630,330,1300,15083411
20220515,150830415415,"Oschersleben (Bode), Stadt",Gemeinde,8030,4190,3840,220,/,/,2350,1920,430,1130,820,310,/,/,/,1060,960,/,5460,2090,3370,1300,480,820,550,430,/,/,/,/,280,/,/,650,320,340,2490,590,1900,15083415
20220515,150830490490,Sülzetal,Gemeinde,/,/,/,/,/,/,/,/,/,/,/,/,/,/,/,/,/,/,/,/,/,/,/,/,/,/,/,/,/,/,/,/,/,/,/,/,/,/,/,15083490
20220515,150830531531,"Wanzleben-Börde, Stadt",Gemeinde,6750,3460,3280,410,330,/,1570,1250,320,790,580,/,/,/,/,630,560,/,4770,1890,2890,1070,500,560,590,410,/,290,/,/,450,240,/,590,280,310,1790,340,1460,15083531
20220515,150830565565,"Wolmirstedt, Stadt",Gemeinde,5380,2870,2510,/,/,/,1690,1400,280,900,760,/,/,/,/,720,620,/,3620,1420,2190,660,250,420,610,380,230,/,/,/,220,/,/,560,/,350,1450,430,1030,15083565
20220515,150835051030,Angern,Gemeinde,/,/,/,/,/,/,/,/,/,/,/,/,/,/,/,/,/,/,/,/,/,/,/,/,/,/,/,/,/,/,/,/,/,/,/,/,/,/,/,15083030
20220515,150835051120,Burgstall,Gemeinde,/,/,/,/,/,/,/,/,/,/,/,/,/,/,/,/,/,/,/,/,/,/,/,/,/,/,/,/,/,/,/,/,/,/,/,/,/,/,/,15083120
20220515,150835051130,Colbitz,Gemeinde,/,/,/,/,/,/,/,/,/,/,/,/,/,/,/,/,/,/,/,/,/,/,/,/,/,/,/,/,/,/,/,/,/,/,/,/,/,/,/,15083130
20220515,150835051361,Loitsche-Heinrichsberg,Gemeinde,/,/,/,/,/,/,/,/,/,/,/,/,/,/,/,/,/,/,/,/,/,/,/,/,/,/,/,/,/,/,/,/,/,/,/,/,/,/,/,15083361
20220515,150835051440,Rogätz,Gemeinde,/,/,/,/,/,/,/,/,/,/,/,/,/,/,/,/,/,/,/,/,/,/,/,/,/,/,/,/,/,/,/,/,/,/,/,/,/,/,/,15083440
20220515,150835051557,Westheide,Gemeinde,/,/,/,/,/,/,/,/,/,/,/,/,/,/,/,/,/,/,/,/,/,/,/,/,/,/,/,/,/,/,/,/,/,/,/,/,/,/,/,15083557
20220515,150835051580,Zielitz,Gemeinde,/,/,/,/,/,/,/,/,/,/,/,/,/,/,/,/,/,/,/,/,/,/,/,/,/,/,/,/,/,/,/,/,/,/,/,/,/,/,/,15083580
20220515,150835052020,Altenhausen,Gemeinde,/,/,/,/,/,/,/,/,/,/,/,/,/,/,/,/,/,/,/,/,/,/,/,/,/,/,/,/,/,/,/,/,/,/,/,/,/,/,/,15083020
20220515,150835052060,Beendorf,Gemeinde,/,/,/,/,/,/,/,/,/,/,/,/,/,/,/,/,/,/,/,/,/,/,/,/,/,/,/,/,/,/,/,/,/,/,/,/,/,/,/,15083060
20220515,150835052115,Bülstringen,Gemeinde,/,/,/,/,/,/,/,/,/,/,/,/,/,/,/,/,/,/,/,/,/,/,/,/,/,/,/,/,/,/,/,/,/,/,/,/,/,/,/,15083115
20220515,150835052125,Calvörde,Gemeinde,/,/,/,/,/,/,/,/,/,/,/,/,/,/,/,/,/,/,/,/,/,/,/,/,/,/,/,/,/,/,/,/,/,/,/,/,/,/,/,15083125
20220515,150835052205,Erxleben,Gemeinde,/,/,/,/,/,/,/,/,/,/,/,/,/,/,/,/,/,/,/,/,/,/,/,/,/,/,/,/,/,/,/,/,/,/,/,/,/,/,/,15083205
20220515,150835052230,Flechtingen,Gemeinde,/,/,/,/,/,/,/,/,/,/,/,/,/,/,/,/,/,/,/,/,/,/,/,/,/,/,/,/,/,/,/,/,/,/,/,/,/,/,/,15083230
20220515,150835052323,Ingersleben,Gemeinde,/,/,/,/,/,/,/,/,/,/,/,/,/,/,/,/,/,/,/,/,/,/,/,/,/,/,/,/,/,/,/,/,/,/,/,/,/,/,/,15083323
20220515,150835053190,Eilsleben,Gemeinde,/,/,/,/,/,/,/,/,/,/,/,/,/,/,/,/,/,/,/,/,/,/,/,/,/,/,/,/,/,/,/,/,/,/,/,/,/,/,/,15083190
20220515,150835053275,Harbke,Gemeinde,/,/,/,/,/,/,/,/,/,/,/,/,/,/,/,/,/,/,/,/,/,/,/,/,/,/,/,/,/,/,/,/,/,/,/,/,/,/,/,15083275
20220515,150835053320,Hötensleben,Gemeinde,/,/,/,/,/,/,/,/,/,/,/,/,/,/,/,/,/,/,/,/,/,/,/,/,/,/,/,/,/,/,/,/,/,/,/,/,/,/,/,15083320
20220515,150835053485,Sommersdorf,Gemeinde,/,/,/,/,/,/,/,/,/,/,/,/,/,/,/,/,/,/,/,/,/,/,/,/,/,/,/,/,/,/,/,/,/,/,/,/,/,/,/,15083485
20220515,150835053505,Ummendorf,Gemeinde,/,/,/,/,/,/,/,/,/,/,/,/,/,/,/,/,/,/,/,/,/,/,/,/,/,/,/,/,/,/,/,/,/,/,/,/,/,/,/,15083505
20220515,150835053515,Völpke,Gemeinde,/,/,/,/,/,/,/,/,/,/,/,/,/,/,/,/,/,/,/,/,/,/,/,/,/,/,/,/,/,/,/,/,/,/,/,/,/,/,/,15083515
20220515,150835053535,Wefensleben,Gemeinde,/,/,/,/,/,/,/,/,/,/,/,/,/,/,/,/,/,/,/,/,/,/,/,/,/,/,/,/,/,/,/,/,/,/,/,/,/,/,/,15083535
20220515,150835054025,Am Großen Bruch,Gemeinde,/,/,/,/,/,/,/,/,/,/,/,/,/,/,/,/,/,/,/,/,/,/,/,/,/,/,/,/,/,/,/,/,/,/,/,/,/,/,/,15083025
20220515,150835054035,Ausleben,Gemeinde,/,/,/,/,/,/,/,/,/,/,/,/,/,/,/,/,/,/,/,/,/,/,/,/,/,/,/,/,/,/,/,/,/,/,/,/,/,/,/,15083035
20220515,150835054245,"Gröningen, Stadt",Gemeinde,/,/,/,/,/,/,/,/,/,/,/,/,/,/,/,/,/,/,/,/,/,/,/,/,/,/,/,/,/,/,/,/,/,/,/,/,/,/,/,15083245
20220515,150835054355,"Kroppenstedt, Stadt",Gemeinde,/,/,/,/,/,/,/,/,/,/,/,/,/,/,/,/,/,/,/,/,/,/,/,/,/,/,/,/,/,/,/,/,/,/,/,/,/,/,/,15083355
20220515,150840130130,Elsteraue,Gemeinde,/,/,/,/,/,/,/,/,/,/,/,/,/,/,/,/,/,/,/,/,/,/,/,/,/,/,/,/,/,/,/,/,/,/,/,/,/,/,/,15084130
20220515,150840235235,"Hohenmölsen, Stadt",Gemeinde,/,/,/,/,/,/,/,/,/,/,/,/,/,/,/,/,/,/,/,/,/,/,/,/,/,/,/,/,/,/,/,/,/,/,/,/,/,/,/,15084235
20220515,150840315315,"Lützen, Stadt",Gemeinde,/,/,/,/,/,/,/,/,/,/,/,/,/,/,/,/,/,/,/,/,/,/,/,/,/,/,/,/,/,/,/,/,/,/,/,/,/,/,/,15084315
20220515,150840355355,"Naumburg (Saale), Stadt",Gemeinde,14300,7240,7060,300,230,/,3270,2740,520,1650,1330,320,320,310,/,1300,1110,/,10730,4270,6460,2390,950,1450,920,660,260,460,/,250,1100,590,510,1050,430,630,4800,1440,3360,15084355
20220515,150840490490,"Teuchern, Stadt",Gemeinde,/,/,/,/,/,/,/,/,/,/,/,/,/,/,/,/,/,/,/,/,/,/,/,/,/,/,/,/,/,/,/,/,/,/,/,/,/,/,/,15084490
20220515,150840550550,"Weißenfels, Stadt",Gemeinde,17630,9430,8200,510,420,/,5640,4560,1080,3880,2920,960,300,300,/,1460,1340,/,11480,4450,7020,2870,940,1920,1420,1090,330,330,/,230,1000,500,500,1210,570,640,4660,1250,3410,15084550
20220515,150840590590,"Zeitz, Stadt",Gemeinde,10960,5830,5130,270,/,/,3350,2760,590,1940,1490,450,260,/,/,1140,1060,/,7350,2940,4410,1870,780,1090,1130,760,370,/,/,/,510,270,240,840,330,510,2810,740,2070,15084590
20220515,150845051012,An der Poststraße,Gemeinde,/,/,/,/,/,/,/,/,/,/,/,/,/,/,/,/,/,/,/,/,/,/,/,/,/,/,/,/,/,/,/,/,/,/,/,/,/,/,/,15084012
20220515,150845051015,"Bad Bibra, Stadt",Gemeinde,/,/,/,/,/,/,/,/,/,/,/,/,/,/,/,/,/,/,/,/,/,/,/,/,/,/,/,/,/,/,/,/,/,/,/,/,/,/,/,15084015
20220515,150845051125,"Eckartsberga, Stadt",Gemeinde,/,/,/,/,/,/,/,/,/,/,/,/,/,/,/,/,/,/,/,/,/,/,/,/,/,/,/,/,/,/,/,/,/,/,/,/,/,/,/,15084125
20220515,150845051132,Finne,Gemeinde,/,/,/,/,/,/,/,/,/,/,/,/,/,/,/,/,/,/,/,/,/,/,/,/,/,/,/,/,/,/,/,/,/,/,/,/,/,/,/,15084132
20220515,150845051133,Finneland,Gemeinde,/,/,/,/,/,/,/,/,/,/,/,/,/,/,/,/,/,/,/,/,/,/,/,/,/,/,/,/,/,/,/,/,/,/,/,/,/,/,/,15084133
20220515,150845051246,Kaiserpfalz,Gemeinde,/,/,/,/,/,/,/,/,/,/,/,/,/,/,/,/,/,/,/,/,/,/,/,/,/,/,/,/,/,/,/,/,/,/,/,/,/,/,/,15084246
20220515,150845051282,Lanitz-Hassel-Tal,Gemeinde,/,/,/,/,/,/,/,/,/,/,/,/,/,/,/,/,/,/,/,/,/,/,/,/,/,/,/,/,/,/,/,/,/,/,/,/,/,/,/,15084282
20220515,150845052115,Droyßig,Gemeinde,/,/,/,/,/,/,/,/,/,/,/,/,/,/,/,/,/,/,/,/,/,/,/,/,/,/,/,/,/,/,/,/,/,/,/,/,/,/,/,15084115
20220515,150845052207,Gutenborn,Gemeinde,/,/,/,/,/,/,/,/,/,/,/,/,/,/,/,/,/,/,/,/,/,/,/,/,/,/,/,/,/,/,/,/,/,/,/,/,/,/,/,15084207
20220515,150845052275,Kretzschau,Gemeinde,/,/,/,/,/,/,/,/,/,/,/,/,/,/,/,/,/,/,/,/,/,/,/,/,/,/,/,/,/,/,/,/,/,/,/,/,/,/,/,15084275
20220515,150845052442,Schnaudertal,Gemeinde,/,/,/,/,/,/,/,/,/,/,/,/,/,/,/,/,/,/,/,/,/,/,/,/,/,/,/,/,/,/,/,/,/,/,/,/,/,/,/,15084442
20220515,150845052565,Wetterzeube,Gemeinde,/,/,/,/,/,/,/,/,/,/,/,/,/,/,/,/,/,/,/,/,/,/,/,/,/,/,/,/,/,/,/,/,/,/,/,/,/,/,/,15084565
20220515,150845053025,Balgstädt,Gemeinde,/,/,/,/,/,/,/,/,/,/,/,/,/,/,/,/,/,/,/,/,/,/,/,/,/,/,/,/,/,/,/,/,/,/,/,/,/,/,/,15084025
20220515,150845053135,"Freyburg (Unstrut), Stadt",Gemeinde,/,/,/,/,/,/,/,/,/,/,/,/,/,/,/,/,/,/,/,/,/,/,/,/,/,/,/,/,/,/,/,/,/,/,/,/,/,/,/,15084135
20220515,150845053150,Gleina,Gemeinde,/,/,/,/,/,/,/,/,/,/,/,/,/,/,/,/,/,/,/,/,/,/,/,/,/,/,/,/,/,/,/,/,/,/,/,/,/,/,/,15084150
20220515,150845053170,Goseck,Gemeinde,/,/,/,/,/,/,/,/,/,/,/,/,/,/,/,/,/,/,/,/,/,/,/,/,/,/,/,/,/,/,/,/,/,/,/,/,/,/,/,15084170
20220515,150845053250,Karsdorf,Gemeinde,/,/,/,/,/,/,/,/,/,/,/,/,/,/,/,/,/,/,/,/,/,/,/,/,/,/,/,/,/,/,/,/,/,/,/,/,/,/,/,15084250
20220515,150845053285,"Laucha an der Unstrut, Stadt",Gemeinde,/,/,/,/,/,/,/,/,/,/,/,/,/,/,/,/,/,/,/,/,/,/,/,/,/,/,/,/,/,/,/,/,/,/,/,/,/,/,/,15084285
20220515,150845053360,"Nebra (Unstrut), Stadt",Gemeinde,/,/,/,/,/,/,/,/,/,/,/,/,/,/,/,/,/,/,/,/,/,/,/,/,/,/,/,/,/,/,/,/,/,/,/,/,/,/,/,15084360
20220515,150845054013,Meineweh,Gemeinde,/,/,/,/,/,/,/,/,/,/,/,/,/,/,/,/,/,/,/,/,/,/,/,/,/,/,/,/,/,/,/,/,/,/,/,/,/,/,/,15084013
20220515,150845054335,Mertendorf,Gemeinde,/,/,/,/,/,/,/,/,/,/,/,/,/,/,/,/,/,/,/,/,/,/,/,/,/,/,/,/,/,/,/,/,/,/,/,/,/,/,/,15084335
20220515,150845054341,Molauer Land,Gemeinde,/,/,/,/,/,/,/,/,/,/,/,/,/,/,/,/,/,/,/,/,/,/,/,/,/,/,/,/,/,/,/,/,/,/,/,/,/,/,/,15084341
20220515,150845054375,"Osterfeld, Stadt",Gemeinde,/,/,/,/,/,/,/,/,/,/,/,/,/,/,/,/,/,/,/,/,/,/,/,/,/,/,/,/,/,/,/,/,/,/,/,/,/,/,/,15084375
20220515,150845054445,Schönburg,Gemeinde,/,/,/,/,/,/,/,/,/,/,/,/,/,/,/,/,/,/,/,/,/,/,/,/,/,/,/,/,/,/,/,/,/,/,/,/,/,/,/,15084445
20220515,150845054470,"Stößen, Stadt",Gemeinde,/,/,/,/,/,/,/,/,/,/,/,/,/,/,/,/,/,/,/,/,/,/,/,/,/,/,/,/,/,/,/,/,/,/,/,/,/,/,/,15084470
20220515,150845054560,Wethau,Gemeinde,/,/,/,/,/,/,/,/,/,/,/,/,/,/,/,/,/,/,/,/,/,/,/,/,/,/,/,/,/,/,/,/,/,/,/,/,/,/,/,15084560
20220515,150850040040,"Ballenstedt, Stadt",Gemeinde,/,/,/,/,/,/,/,/,/,/,/,/,/,/,/,/,/,/,/,/,/,/,/,/,/,/,/,/,/,/,/,/,/,/,/,/,/,/,/,15085040
20220515,150850055055,"Blankenburg (Harz), Stadt",Gemeinde,8870,4590,4280,210,/,/,2660,2120,540,1720,1350,370,/,/,/,760,650,/,6000,2330,3670,1340,640,700,500,390,/,/,/,/,450,240,/,600,260,340,3020,750,2270,15085055
20220515,150850110110,"Falkenstein/Harz, Stadt",Gemeinde,/,/,/,/,/,/,/,/,/,/,/,/,/,/,/,/,/,/,/,/,/,/,/,/,/,/,/,/,/,/,/,/,/,/,/,/,/,/,/,15085110
20220515,150850135135,"Halberstadt, Stadt",Gemeinde,15500,7710,7790,280,/,/,3710,2940,770,2380,1840,530,/,/,/,1120,970,/,11510,4610,6900,2000,920,1080,1180,1020,/,290,/,220,850,450,400,1570,570,1000,5620,1590,4030,15085135
20220515,150850145145,"Harzgerode, Stadt",Gemeinde,/,/,/,/,/,/,/,/,/,/,/,/,/,/,/,/,/,/,/,/,/,/,/,/,/,/,/,/,/,/,/,/,/,/,/,/,/,/,/,15085145
20220515,150850185185,Huy,Gemeinde,/,/,/,/,/,/,/,/,/,/,/,/,/,/,/,/,/,/,/,/,/,/,/,/,/,/,/,/,/,/,/,/,/,/,/,/,/,/,/,15085185
20220515,150850190190,"Ilsenburg (Harz), Stadt",Gemeinde,/,/,/,/,/,/,/,/,/,/,/,/,/,/,/,/,/,/,/,/,/,/,/,/,/,/,/,/,/,/,/,/,/,/,/,/,/,/,/,15085190
20220515,150850227227,Nordharz,Gemeinde,/,/,/,/,/,/,/,/,/,/,/,/,/,/,/,/,/,/,/,/,/,/,/,/,/,/,/,/,/,/,/,/,/,/,/,/,/,/,/,15085227
20220515,150850228228,"Oberharz am Brocken, Stadt",Gemeinde,4650,2570,2080,/,/,/,1560,1310,250,950,790,/,/,/,/,590,500,/,3020,1200,1820,920,380,540,270,230,/,/,/,/,250,/,/,260,/,/,1240,370,870,15085228
20220515,150850230230,"Osterwieck, Stadt",Gemeinde,5560,3060,2500,/,/,/,2230,1740,480,1560,1160,400,/,/,/,490,450,/,3130,1170,1960,740,330,420,380,320,/,/,/,/,430,240,/,260,/,/,1260,/,1060,15085230
20220515,150850235235,"Quedlinburg, Welterbestadt",Gemeinde,10850,5560,5290,210,/,/,2950,2350,600,1850,1390,460,220,/,/,880,780,/,7690,3090,4610,1890,930,960,690,550,/,/,/,/,570,350,220,840,350,490,3590,870,2720,15085235
20220515,150850330330,"Thale, Stadt",Gemeinde,7440,3870,3570,/,/,/,2310,1870,450,1430,1070,360,/,/,/,730,660,/,5020,1920,3100,1210,490,730,490,420,/,/,/,/,360,/,/,440,220,220,2400,540,1860,15085330
20220515,150850370370,"Wernigerode, Stadt",Gemeinde,14740,7460,7290,/,/,/,4640,3600,1050,3460,2550,910,/,/,/,980,890,/,9940,3740,6200,2790,1140,1660,830,600,230,/,/,/,780,370,410,1050,430,620,4300,1150,3140,15085370
20220515,150855051090,Ditfurt,Gemeinde,/,/,/,/,/,/,/,/,/,/,/,/,/,/,/,/,/,/,/,/,/,/,/,/,/,/,/,/,/,/,/,/,/,/,/,/,/,/,/,15085090
20220515,150855051125,Groß Quenstedt,Gemeinde,/,/,/,/,/,/,/,/,/,/,/,/,/,/,/,/,/,/,/,/,/,/,/,/,/,/,/,/,/,/,/,/,/,/,/,/,/,/,/,15085125
20220515,150855051140,Harsleben / Harschlewe,Gemeinde,/,/,/,/,/,/,/,/,/,/,/,/,/,/,/,/,/,/,/,/,/,/,/,/,/,/,/,/,/,/,/,/,/,/,/,/,/,/,/,15085140
20220515,150855051160,Hedersleben,Gemeinde,/,/,/,/,/,/,/,/,/,/,/,/,/,/,/,/,/,/,/,/,/,/,/,/,/,/,/,/,/,/,/,/,/,/,/,/,/,/,/,15085160
20220515,150855051285,"Schwanebeck, Stadt",Gemeinde,/,/,/,/,/,/,/,/,/,/,/,/,/,/,/,/,/,/,/,/,/,/,/,/,/,/,/,/,/,/,/,/,/,/,/,/,/,/,/,15085285
20220515,150855051287,Selke-Aue,Gemeinde,/,/,/,/,/,/,/,/,/,/,/,/,/,/,/,/,/,/,/,/,/,/,/,/,/,/,/,/,/,/,/,/,/,/,/,/,/,/,/,15085287
20220515,150855051365,"Wegeleben, Stadt",Gemeinde,/,/,/,/,/,/,/,/,/,/,/,/,/,/,/,/,/,/,/,/,/,/,/,/,/,/,/,/,/,/,/,/,/,/,/,/,/,/,/,15085365
20220515,150860005005,Biederitz,Gemeinde,/,/,/,/,/,/,/,/,/,/,/,/,/,/,/,/,/,/,/,/,/,/,/,/,/,/,/,/,/,/,/,/,/,/,/,/,/,/,/,15086005
20220515,150860015015,"Burg, Stadt",Gemeinde,9220,4830,4390,/,/,/,2590,2090,500,1450,1150,300,/,/,/,1000,860,/,6520,2640,3880,1330,700,630,780,600,/,280,/,260,470,290,/,940,390,550,2720,640,2080,15086015
20220515,150860035035,Elbe-Parey,Gemeinde,/,/,/,/,/,/,/,/,/,/,/,/,/,/,/,/,/,/,/,/,/,/,/,/,/,/,/,/,/,/,/,/,/,/,/,/,/,/,/,15086035
20220515,150860040040,"Genthin, Stadt",Gemeinde,6040,3390,2650,290,/,/,1800,1490,310,980,780,/,/,/,/,690,610,/,3950,1750,2200,770,420,350,470,300,/,/,/,/,250,/,/,560,330,230,1820,510,1310,15086040
20220515,150860055055,"Gommern, Stadt",Gemeinde,4970,2490,2480,/,/,/,1320,1050,270,740,580,/,/,/,/,440,380,/,3500,1330,2170,710,330,370,310,/,/,240,/,/,360,/,/,520,220,290,1360,320,1040,15086055
20220515,150860080080,"Jerichow, Stadt",Gemeinde,/,/,/,/,/,/,/,/,/,/,/,/,/,/,/,/,/,/,/,/,/,/,/,/,/,/,/,/,/,/,/,/,/,/,/,/,/,/,/,15086080
20220515,150860140140,"Möckern, Stadt",Gemeinde,5710,3130,2580,390,300,/,1670,1340,320,1000,760,250,/,/,/,560,530,/,3660,1490,2170,550,/,370,360,280,/,/,/,/,340,/,/,660,300,360,1650,490,1160,15086140
20220515,150860145145,Möser,Gemeinde,/,/,/,/,/,/,/,/,/,/,/,/,/,/,/,/,/,/,/,/,/,/,/,/,/,/,/,/,/,/,/,/,/,/,/,/,/,/,/,15086145
20220515,150870015015,"Allstedt, Stadt",Gemeinde,/,/,/,/,/,/,/,/,/,/,/,/,/,/,/,/,/,/,/,/,/,/,/,/,/,/,/,/,/,/,/,/,/,/,/,/,/,/,/,15087015
20220515,150870031031,"Arnstein, Stadt",Gemeinde,/,/,/,/,/,/,/,/,/,/,/,/,/,/,/,/,/,/,/,/,/,/,/,/,/,/,/,/,/,/,/,/,/,/,/,/,/,/,/,15087031
20220515,150870130130,"Eisleben, Lutherstadt",Gemeinde,8790,4640,4140,/,/,/,2470,2010,460,1380,990,390,/,/,/,910,850,/,6120,2470,3650,1270,620,650,600,410,/,/,/,/,490,270,220,680,340,330,2950,800,2150,15087130
20220515,150870165165,"Gerbstedt, Stadt",Gemeinde,/,/,/,/,/,/,/,/,/,/,/,/,/,/,/,/,/,/,/,/,/,/,/,/,/,/,/,/,/,/,/,/,/,/,/,/,/,/,/,15087165
20220515,150870220220,"Hettstedt, Stadt",Gemeinde,5030,2750,2280,/,/,/,1390,1140,250,1010,790,230,/,/,/,300,290,/,3500,1490,2010,640,270,370,460,330,/,/,/,/,230,/,/,360,220,/,1730,520,1210,15087220
20220515,150870275275,"Mansfeld, Stadt",Gemeinde,/,/,/,/,/,/,/,/,/,/,/,/,/,/,/,/,/,/,/,/,/,/,/,/,/,/,/,/,/,/,/,/,/,/,/,/,/,/,/,15087275
20220515,150870370370,"Sangerhausen, Stadt",Gemeinde,10410,5470,4940,260,/,/,2800,2370,430,1570,1180,390,270,270,/,960,920,/,7340,2900,4440,1450,550,900,940,650,290,/,/,/,740,400,340,870,390,480,3200,900,2310,15087370
20220515,150870386386,Seegebiet Mansfelder Land,Gemeinde,/,/,/,/,/,/,/,/,/,/,/,/,/,/,/,/,/,/,/,/,/,/,/,/,/,/,/,/,/,/,/,/,/,/,/,/,/,/,/,15087386
20220515,150870412412,Südharz,Gemeinde,/,/,/,/,/,/,/,/,/,/,/,/,/,/,/,/,/,/,/,/,/,/,/,/,/,/,/,/,/,/,/,/,/,/,/,/,/,/,/,15087412
20220515,150875051055,Berga,Gemeinde,/,/,/,/,/,/,/,/,/,/,/,/,/,/,/,/,/,/,/,/,/,/,/,/,/,/,/,/,/,/,/,/,/,/,/,/,/,/,/,15087055
20220515,150875051101,Brücken-Hackpfüffel,Gemeinde,/,/,/,/,/,/,/,/,/,/,/,/,/,/,/,/,/,/,/,/,/,/,/,/,/,/,/,/,/,/,/,/,/,/,/,/,/,/,/,15087101
20220515,150875051125,Edersleben,Gemeinde,/,/,/,/,/,/,/,/,/,/,/,/,/,/,/,/,/,/,/,/,/,/,/,/,/,/,/,/,/,/,/,/,/,/,/,/,/,/,/,15087125
20220515,150875051250,"Kelbra (Kyffhäuser), Stadt",Gemeinde,/,/,/,/,/,/,/,/,/,/,/,/,/,/,/,/,/,/,/,/,/,/,/,/,/,/,/,/,/,/,/,/,/,/,/,/,/,/,/,15087250
20220515,150875051440,Wallhausen,Gemeinde,/,/,/,/,/,/,/,/,/,/,/,/,/,/,/,/,/,/,/,/,/,/,/,/,/,/,/,/,/,/,/,/,/,/,/,/,/,/,/,15087440
20220515,150875052010,Ahlsdorf,Gemeinde,/,/,/,/,/,/,/,/,/,/,/,/,/,/,/,/,/,/,/,/,/,/,/,/,/,/,/,/,/,/,/,/,/,/,/,/,/,/,/,15087010
20220515,150875052045,Benndorf,Gemeinde,/,/,/,/,/,/,/,/,/,/,/,/,/,/,/,/,/,/,/,/,/,/,/,/,/,/,/,/,/,/,/,/,/,/,/,/,/,/,/,15087045
20220515,150875052070,Blankenheim,Gemeinde,/,/,/,/,/,/,/,/,/,/,/,/,/,/,/,/,/,/,/,/,/,/,/,/,/,/,/,/,/,/,/,/,/,/,/,/,/,/,/,15087070
20220515,150875052075,Bornstedt,Gemeinde,/,/,/,/,/,/,/,/,/,/,/,/,/,/,/,/,/,/,/,/,/,/,/,/,/,/,/,/,/,/,/,/,/,/,/,/,/,/,/,15087075
20220515,150875052205,Helbra,Gemeinde,/,/,/,/,/,/,/,/,/,/,/,/,/,/,/,/,/,/,/,/,/,/,/,/,/,/,/,/,/,/,/,/,/,/,/,/,/,/,/,15087205
20220515,150875052210,Hergisdorf,Gemeinde,/,/,/,/,/,/,/,/,/,/,/,/,/,/,/,/,/,/,/,/,/,/,/,/,/,/,/,/,/,/,/,/,/,/,/,/,/,/,/,15087210
20220515,150875052260,Klostermansfeld,Gemeinde,/,/,/,/,/,/,/,/,/,/,/,/,/,/,/,/,/,/,/,/,/,/,/,/,/,/,/,/,/,/,/,/,/,/,/,/,/,/,/,15087260
20220515,150875052470,Wimmelburg,Gemeinde,/,/,/,/,/,/,/,/,/,/,/,/,/,/,/,/,/,/,/,/,/,/,/,/,/,/,/,/,/,/,/,/,/,/,/,/,/,/,/,15087470
20220515,150880020020,"Bad Dürrenberg, Solestadt",Gemeinde,4830,2630,2210,/,/,/,1580,1250,320,780,600,/,/,/,/,620,520,/,3190,1330,1850,610,280,330,590,440,/,/,/,/,350,/,/,290,/,/,1230,300,930,15088020
20220515,150880025025,"Bad Lauchstädt, Goethestadt",Gemeinde,/,/,/,/,/,/,/,/,/,/,/,/,/,/,/,/,/,/,/,/,/,/,/,/,/,/,/,/,/,/,/,/,/,/,/,/,/,/,/,15088025
20220515,150880065065,"Braunsbedra, Stadt",Gemeinde,4870,2570,2300,/,/,/,1750,1370,370,810,570,240,240,/,/,690,620,/,3070,1160,1910,590,/,380,390,270,/,/,/,/,220,/,/,370,/,260,1330,400,940,15088065
20220515,150880150150,Kabelsketal,Gemeinde,/,/,/,/,/,/,/,/,/,/,/,/,/,/,/,/,/,/,/,/,/,/,/,/,/,/,/,/,/,/,/,/,/,/,/,/,/,/,/,15088150
20220515,150880195195,"Landsberg, Stadt",Gemeinde,7470,4000,3480,/,/,/,2020,1520,500,1180,890,290,/,/,/,700,530,/,5330,2400,2930,1080,580,490,1080,830,250,280,/,/,370,/,220,470,/,300,2060,500,1560,15088195
20220515,150880205205,"Leuna, Stadt",Gemeinde,6880,3690,3190,/,/,/,2050,1620,430,1160,910,250,300,/,/,590,530,/,4760,2030,2730,1200,510,690,630,460,/,/,/,/,470,270,/,470,220,240,1820,530,1290,15088205
20220515,150880216216,"Wettin-Löbejün, Stadt",Gemeinde,/,/,/,/,/,/,/,/,/,/,/,/,/,/,/,/,/,/,/,/,/,/,/,/,/,/,/,/,/,/,/,/,/,/,/,/,/,/,/,15088216
20220515,150880220220,"Merseburg, Stadt",Gemeinde,13760,7140,6630,230,/,/,4010,3200,810,2610,2060,550,380,360,/,1020,780,240,9530,3770,5760,1880,710,1160,1500,1120,390,310,/,240,800,360,440,1240,430,820,3800,1090,2710,15088220
20220515,150880235235,"Mücheln (Geiseltal), Stadt",Gemeinde,/,/,/,/,/,/,/,/,/,/,/,/,/,/,/,/,/,/,/,/,/,/,/,/,/,/,/,/,/,/,/,/,/,/,/,/,/,/,/,15088235
20220515,150880295295,Petersberg,Gemeinde,/,/,/,/,/,/,/,/,/,/,/,/,/,/,/,/,/,/,/,/,/,/,/,/,/,/,/,/,/,/,/,/,/,/,/,/,/,/,/,15088295
20220515,150880305305,"Querfurt, Stadt",Gemeinde,4510,2430,2080,/,/,/,1190,990,/,480,360,/,/,/,/,660,580,/,3160,1310,1840,600,270,330,450,330,/,/,/,/,220,/,/,340,/,/,1480,400,1080,15088305
20220515,150880319319,Salzatal,Gemeinde,5580,2740,2840,/,/,/,1210,960,250,500,390,/,/,/,/,570,480,/,4260,1720,2540,650,260,400,590,390,/,/,/,/,450,220,230,690,310,380,1780,500,1280,15088319
20220515,150880330330,Schkopau,Gemeinde,5640,2840,2800,/,/,/,1470,1150,320,900,690,/,/,/,/,430,380,/,4100,1690,2410,830,260,570,600,410,/,210,/,/,430,220,210,530,240,290,1510,470,1040,15088330
20220515,150880365365,Teutschenthal,Gemeinde,6270,3280,2990,/,/,/,1450,1270,/,790,680,/,/,/,/,470,460,/,4740,1960,2780,790,370,410,650,490,/,240,/,/,330,230,/,750,310,440,1990,460,1530,15088365
20220515,150885051030,Barnstädt,Gemeinde,/,/,/,/,/,/,/,/,/,/,/,/,/,/,/,/,/,/,/,/,/,/,/,/,/,/,/,/,/,/,/,/,/,/,/,/,/,/,/,15088030
20220515,150885051100,Farnstädt,Gemeinde,/,/,/,/,/,/,/,/,/,/,/,/,/,/,/,/,/,/,/,/,/,/,/,/,/,/,/,/,/,/,/,/,/,/,/,/,/,/,/,15088100
20220515,150885051250,Nemsdorf-Göhrendorf,Gemeinde,/,/,/,/,/,/,/,/,/,/,/,/,/,/,/,/,/,/,/,/,/,/,/,/,/,/,/,/,/,/,/,/,/,/,/,/,/,/,/,15088250
20220515,150885051265,Obhausen,Gemeinde,/,/,/,/,/,/,/,/,/,/,/,/,/,/,/,/,/,/,/,/,/,/,/,/,/,/,/,/,/,/,/,/,/,/,/,/,/,/,/,15088265
20220515,150885051340,"Schraplau, Stadt",Gemeinde,/,/,/,/,/,/,/,/,/,/,/,/,/,/,/,/,/,/,/,/,/,/,/,/,/,/,/,/,/,/,/,/,/,/,/,/,/,/,/,15088340
20220515,150885051355,Steigra,Gemeinde,/,/,/,/,/,/,/,/,/,/,/,/,/,/,/,/,/,/,/,/,/,/,/,/,/,/,/,/,/,/,/,/,/,/,/,/,/,/,/,15088355
20220515,150890015015,"Aschersleben, Stadt",Gemeinde,11320,5860,5460,/,/,/,3150,2670,470,2140,1760,370,220,/,/,790,710,/,8000,3090,4910,1380,640,730,810,620,/,/,/,/,640,260,380,1000,360,640,4000,1130,2860,15089015
20220515,150890026026,"Barby, Stadt",Gemeinde,/,/,/,/,/,/,/,/,/,/,/,/,/,/,/,/,/,/,/,/,/,/,/,/,/,/,/,/,/,/,/,/,/,/,/,/,/,/,/,15089026
20220515,150890030030,"Bernburg (Saale), Stadt",Gemeinde,13600,6970,6630,/,/,/,3690,3010,680,2450,1940,510,520,440,/,720,630,/,9780,3890,5890,1700,700,1000,1340,1070,280,290,/,/,850,430,420,1290,590,690,4310,1000,3300,15089030
20220515,150890042042,Bördeland,Gemeinde,/,/,/,/,/,/,/,/,/,/,/,/,/,/,/,/,/,/,/,/,/,/,/,/,/,/,/,/,/,/,/,/,/,/,/,/,/,/,/,15089042
20220515,150890055055,"Calbe (Saale), Stadt",Gemeinde,/,/,/,/,/,/,/,/,/,/,/,/,/,/,/,/,/,/,/,/,/,/,/,/,/,/,/,/,/,/,/,/,/,/,/,/,/,/,/,15089055
20220515,150890175175,"Hecklingen, Stadt",Gemeinde,/,/,/,/,/,/,/,/,/,/,/,/,/,/,/,/,/,/,/,/,/,/,/,/,/,/,/,/,/,/,/,/,/,/,/,/,/,/,/,15089175
20220515,150890195195,"Könnern, Stadt",Gemeinde,/,/,/,/,/,/,/,/,/,/,/,/,/,/,/,/,/,/,/,/,/,/,/,/,/,/,/,/,/,/,/,/,/,/,/,/,/,/,/,15089195
20220515,150890235235,"Nienburg (Saale), Stadt",Gemeinde,/,/,/,/,/,/,/,/,/,/,/,/,/,/,/,/,/,/,/,/,/,/,/,/,/,/,/,/,/,/,/,/,/,/,/,/,/,/,/,15089235
20220515,150890305305,"Schönebeck (Elbe), Stadt",Gemeinde,12520,6810,5720,220,/,/,3490,2910,580,2090,1720,370,290,/,/,1110,990,/,8810,3710,5100,2090,960,1130,1150,940,/,380,/,270,720,320,410,990,450,550,3470,930,2540,15089305
20220515,150890307307,"Seeland, Stadt",Gemeinde,/,/,/,/,/,/,/,/,/,/,/,/,/,/,/,/,/,/,/,/,/,/,/,/,/,/,/,/,/,/,/,/,/,/,/,/,/,/,/,15089307
20220515,150890310310,"Staßfurt, Stadt",Gemeinde,9490,5080,4410,/,/,/,3210,2610,590,2020,1560,460,340,270,/,850,780,/,6080,2340,3740,1120,530,590,920,650,270,220,/,/,660,340,320,310,/,230,2860,640,2220,15089310
20220515,150895051041,Bördeaue,Gemeinde,/,/,/,/,/,/,/,/,/,/,/,/,/,/,/,/,/,/,/,/,/,/,/,/,/,/,/,/,/,/,/,/,/,/,/,/,/,/,/,15089041
20220515,150895051043,Börde-Hakel,Gemeinde,/,/,/,/,/,/,/,/,/,/,/,/,/,/,/,/,/,/,/,/,/,/,/,/,/,/,/,/,/,/,/,/,/,/,/,/,/,/,/,15089043
20220515,150895051045,Borne,Gemeinde,/,/,/,/,/,/,/,/,/,/,/,/,/,/,/,/,/,/,/,/,/,/,/,/,/,/,/,/,/,/,/,/,/,/,/,/,/,/,/,15089045
20220515,150895051075,"Egeln, Stadt",Gemeinde,/,/,/,/,/,/,/,/,/,/,/,/,/,/,/,/,/,/,/,/,/,/,/,/,/,/,/,/,/,/,/,/,/,/,/,/,/,/,/,15089075
20220515,150895051365,Wolmirsleben,Gemeinde,/,/,/,/,/,/,/,/,/,/,/,/,/,/,/,/,/,/,/,/,/,/,/,/,/,/,/,/,/,/,/,/,/,/,/,/,/,/,/,15089365
20220515,150895052005,"Alsleben (Saale), Stadt",Gemeinde,/,/,/,/,/,/,/,/,/,/,/,/,/,/,/,/,/,/,/,/,/,/,/,/,/,/,/,/,/,/,/,/,/,/,/,/,/,/,/,15089005
20220515,150895052130,Giersleben,Gemeinde,/,/,/,/,/,/,/,/,/,/,/,/,/,/,/,/,/,/,/,/,/,/,/,/,/,/,/,/,/,/,/,/,/,/,/,/,/,/,/,15089130
20220515,150895052165,"Güsten, Stadt",Gemeinde,/,/,/,/,/,/,/,/,/,/,/,/,/,/,/,/,/,/,/,/,/,/,/,/,/,/,/,/,/,/,/,/,/,/,/,/,/,/,/,15089165
20220515,150895052185,Ilberstedt,Gemeinde,/,/,/,/,/,/,/,/,/,/,/,/,/,/,/,/,/,/,/,/,/,/,/,/,/,/,/,/,/,/,/,/,/,/,/,/,/,/,/,15089185
20220515,150895052245,Plötzkau,Gemeinde,/,/,/,/,/,/,/,/,/,/,/,/,/,/,/,/,/,/,/,/,/,/,/,/,/,/,/,/,/,/,/,/,/,/,/,/,/,/,/,15089245
20220515,150900070070,"Bismark (Altmark), Stadt",Gemeinde,/,/,/,/,/,/,/,/,/,/,/,/,/,/,/,/,/,/,/,/,/,/,/,/,/,/,/,/,/,/,/,/,/,/,/,/,/,/,/,15090070
20220515,150900225225,"Havelberg, Hansestadt",Gemeinde,/,/,/,/,/,/,/,/,/,/,/,/,/,/,/,/,/,/,/,/,/,/,/,/,/,/,/,/,/,/,/,/,/,/,/,/,/,/,/,15090225
20220515,150900415415,"Osterburg (Altmark), Hansestadt",Gemeinde,/,/,/,/,/,/,/,/,/,/,/,/,/,/,/,/,/,/,/,/,/,/,/,/,/,/,/,/,/,/,/,/,/,/,/,/,/,/,/,15090415
20220515,150900535535,"Stendal, Hansestadt",Gemeinde,16510,8680,7820,260,/,/,4220,3210,1010,2030,1350,680,310,250,/,1880,1610,270,12030,5330,6700,2150,1070,1070,1350,980,370,390,/,/,950,620,330,1540,650,890,5650,1820,3830,15090535
20220515,150900546546,"Tangerhütte, Stadt",Gemeinde,4760,2410,2350,250,/,/,1450,1090,360,720,580,/,/,/,/,610,460,/,3060,1170,1880,480,/,330,300,240,/,/,/,/,/,/,/,540,/,350,1480,440,1030,15090546
20220515,150900550550,"Tangermünde, Stadt",Gemeinde,5050,2560,2490,/,/,/,1410,1190,220,730,610,/,/,/,/,620,540,/,3550,1330,2220,810,390,420,230,/,/,/,/,/,310,/,/,530,/,340,1530,330,1200,15090550
20220515,150905051010,"Arneburg, Stadt",Gemeinde,/,/,/,/,/,/,/,/,/,/,/,/,/,/,/,/,/,/,/,/,/,/,/,/,/,/,/,/,/,/,/,/,/,/,/,/,/,/,/,15090010
20220515,150905051135,Eichstedt (Altmark),Gemeinde,/,/,/,/,/,/,/,/,/,/,/,/,/,/,/,/,/,/,/,/,/,/,/,/,/,/,/,/,/,/,/,/,/,/,/,/,/,/,/,15090135
20220515,150905051180,Goldbeck,Gemeinde,/,/,/,/,/,/,/,/,/,/,/,/,/,/,/,/,/,/,/,/,/,/,/,/,/,/,/,/,/,/,/,/,/,/,/,/,/,/,/,15090180
20220515,150905051220,Hassel,Gemeinde,/,/,/,/,/,/,/,/,/,/,/,/,/,/,/,/,/,/,/,/,/,/,/,/,/,/,/,/,/,/,/,/,/,/,/,/,/,/,/,15090220
20220515,150905051245,Hohenberg-Krusemark,Gemeinde,/,/,/,/,/,/,/,/,/,/,/,/,/,/,/,/,/,/,/,/,/,/,/,/,/,/,/,/,/,/,/,/,/,/,/,/,/,/,/,15090245
20220515,150905051270,Iden,Gemeinde,/,/,/,/,/,/,/,/,/,/,/,/,/,/,/,/,/,/,/,/,/,/,/,/,/,/,/,/,/,/,/,/,/,/,/,/,/,/,/,15090270
20220515,150905051435,Rochau,Gemeinde,/,/,/,/,/,/,/,/,/,/,/,/,/,/,/,/,/,/,/,/,/,/,/,/,/,/,/,/,/,/,/,/,/,/,/,/,/,/,/,15090435
20220515,150905051610,"Werben (Elbe), Hansestadt",Gemeinde,/,/,/,/,/,/,/,/,/,/,/,/,/,/,/,/,/,/,/,/,/,/,/,/,/,/,/,/,/,/,/,/,/,/,/,/,/,/,/,15090610
20220515,150905052285,Kamern,Gemeinde,/,/,/,/,/,/,/,/,/,/,/,/,/,/,/,/,/,/,/,/,/,/,/,/,/,/,/,/,/,/,/,/,/,/,/,/,/,/,/,15090285
20220515,150905052310,Klietz,Gemeinde,/,/,/,/,/,/,/,/,/,/,/,/,/,/,/,/,/,/,/,/,/,/,/,/,/,/,/,/,/,/,/,/,/,/,/,/,/,/,/,15090310
20220515,150905052445,"Sandau (Elbe), Stadt",Gemeinde,/,/,/,/,/,/,/,/,/,/,/,/,/,/,/,/,/,/,/,/,/,/,/,/,/,/,/,/,/,/,/,/,/,/,/,/,/,/,/,15090445
20220515,150905052485,Schollene,Gemeinde,/,/,/,/,/,/,/,/,/,/,/,/,/,/,/,/,/,/,/,/,/,/,/,/,/,/,/,/,/,/,/,/,/,/,/,/,/,/,/,15090485
20220515,150905052500,Schönhausen (Elbe),Gemeinde,/,/,/,/,/,/,/,/,/,/,/,/,/,/,/,/,/,/,/,/,/,/,/,/,/,/,/,/,/,/,/,/,/,/,/,/,/,/,/,15090500
20220515,150905052631,Wust-Fischbeck,Gemeinde,/,/,/,/,/,/,/,/,/,/,/,/,/,/,/,/,/,/,/,/,/,/,/,/,/,/,/,/,/,/,/,/,/,/,/,/,/,/,/,15090631
20220515,150905053003,Aland,Gemeinde,/,/,/,/,/,/,/,/,/,/,/,/,/,/,/,/,/,/,/,/,/,/,/,/,/,/,/,/,/,/,/,/,/,/,/,/,/,/,/,15090003
20220515,150905053007,Altmärkische Höhe,Gemeinde,/,/,/,/,/,/,/,/,/,/,/,/,/,/,/,/,/,/,/,/,/,/,/,/,/,/,/,/,/,/,/,/,/,/,/,/,/,/,/,15090007
20220515,150905053008,Altmärkische Wische,Gemeinde,/,/,/,/,/,/,/,/,/,/,/,/,/,/,/,/,/,/,/,/,/,/,/,/,/,/,/,/,/,/,/,/,/,/,/,/,/,/,/,15090008
20220515,150905053520,"Seehausen (Altmark), Hansestadt",Gemeinde,/,/,/,/,/,/,/,/,/,/,/,/,/,/,/,/,/,/,/,/,/,/,/,/,/,/,/,/,/,/,/,/,/,/,/,/,/,/,/,15090520
20220515,150905053635,Zehrental,Gemeinde,/,/,/,/,/,/,/,/,/,/,/,/,/,/,/,/,/,/,/,/,/,/,/,/,/,/,/,/,/,/,/,/,/,/,/,/,/,/,/,15090635
20220515,150910010010,"Annaburg, Stadt",Gemeinde,/,/,/,/,/,/,/,/,/,/,/,/,/,/,/,/,/,/,/,/,/,/,/,/,/,/,/,/,/,/,/,/,/,/,/,/,/,/,/,15091010
20220515,150910020020,"Bad Schmiedeberg, Stadt",Gemeinde,/,/,/,/,/,/,/,/,/,/,/,/,/,/,/,/,/,/,/,/,/,/,/,/,/,/,/,/,/,/,/,/,/,/,/,/,/,/,/,15091020
20220515,150910060060,"Coswig (Anhalt), Stadt",Gemeinde,5170,2720,2450,250,/,/,1700,1340,360,1120,810,310,/,/,/,460,410,/,3220,1240,1980,670,250,410,360,310,/,/,/,/,240,/,/,290,/,/,1600,390,1210,15091060
20220515,150910110110,"Gräfenhainichen, Stadt",Gemeinde,4960,2510,2440,/,/,/,1790,1410,380,1130,860,270,240,/,/,410,360,/,3100,1060,2030,610,230,390,350,/,/,/,/,/,300,/,/,390,/,250,1350,350,1010,15091110
20220515,150910145145,"Jessen (Elster), Stadt",Gemeinde,6400,3380,3020,320,/,/,2130,1590,540,1390,960,430,/,/,/,630,550,/,3950,1580,2370,990,440,550,430,320,/,/,/,/,280,/,/,540,260,280,1550,390,1160,15091145
20220515,150910160160,"Kemberg, Stadt",Gemeinde,/,/,/,/,/,/,/,/,/,/,/,/,/,/,/,/,/,/,/,/,/,/,/,/,/,/,/,/,/,/,/,/,/,/,/,/,/,/,/,15091160
20220515,150910241241,"Oranienbaum-Wörlitz, Stadt",Gemeinde,/,/,/,/,/,/,/,/,/,/,/,/,/,/,/,/,/,/,/,/,/,/,/,/,/,/,/,/,/,/,/,/,/,/,/,/,/,/,/,15091241
20220515,150910375375,"Wittenberg, Lutherstadt",Gemeinde,19860,10230,9620,780,340,440,5810,4460,1350,3790,2770,1020,440,300,/,1580,1390,/,13270,5430,7840,2830,1230,1600,1710,1190,510,340,/,/,1210,630,580,1470,770,700,5710,1450,4260,15091375
20220515,150910391391,"Zahna-Elster, Stadt",Gemeinde,/,/,/,/,/,/,/,/,/,/,/,/,/,/,/,/,/,/,/,/,/,/,/,/,/,/,/,/,/,/,/,/,/,/,/,/,/,/,/,15091391
