Berichtszeitpunkt,_RS,Name,Regionalebene,ERWERBSTAT_KURZ_STP,ERWERBSTAT_KURZ_STP__M,ERWERBSTAT_KURZ_STP__W,ERWERBSTAT_KURZ_STP__1,ERWERBSTAT_KURZ_STP__1_M,ERWERBSTAT_KURZ_STP__1_W,ERWERBSTAT_KURZ_STP__11,ERWERBSTAT_KURZ_STP__11_M,ERWERBSTAT_KURZ_STP__11_W,ERWERBSTAT_KURZ_STP__12,ERWERBSTAT_KURZ_STP__12_M,ERWERBSTAT_KURZ_STP__12_W,ERWERBSTAT_KURZ_STP__2,ERWERBSTAT_KURZ_STP__2_M,ERWERBSTAT_KURZ_STP__2_W,geo_id
20220515,130030000000,"Rostock, Hanse- und Universitätsstadt",Gemeinde,198490,96790,101710,103660,54080,49580,97010,50560,46450,6650,3520,3130,94840,42710,52130,13003000
20220515,130040000000,"Schwerin, Landeshauptstadt",Gemeinde,93780,44900,48880,47240,24270,22960,43630,22610,21020,3610,1660,1950,46550,20630,25920,13004000
20220515,130710027027,"Dargun, Stadt",Gemeinde,/,/,/,/,/,/,/,/,/,/,/,/,/,/,/,13071027
20220515,130710029029,"Demmin, Hansestadt",Gemeinde,/,/,/,/,/,/,/,/,/,/,/,/,/,/,/,13071029
20220515,130710033033,Feldberger Seenlandschaft,Gemeinde,/,/,/,/,/,/,/,/,/,/,/,/,/,/,/,13071033
20220515,130710107107,"Neubrandenburg, Vier-Tore-Stadt",Gemeinde,57910,27750,30160,27360,14190,13170,25100,13010,12090,2260,1180,1080,30560,13560,16990,13071107
20220515,130710110110,"Neustrelitz, Residenzstadt",Gemeinde,19510,9250,10260,9390,4810,4580,8750,4460,4290,650,350,290,10120,4440,5680,13071110
20220515,130710156156,"Waren (Müritz), Stadt",Gemeinde,19960,9410,10550,9850,4930,4920,9440,4740,4700,410,/,220,10110,4480,5630,13071156
20220515,130715151,Demmin-Land,Gemeindeverband,/,/,/,/,/,/,/,/,/,/,/,/,/,/,/,130715151
20220515,130715152,Friedland,Gemeindeverband,/,/,/,/,/,/,/,/,/,/,/,/,/,/,/,130715152
20220515,130715153,Malchin am Kummerower See,Gemeindeverband,11320,5440,5880,5110,2710,2400,4670,2540,2130,440,/,260,6210,2730,3480,130715153
20220515,130715154,Malchow,Gemeindeverband,/,/,/,/,/,/,/,/,/,/,/,/,/,/,/,130715154
20220515,130715155,Mecklenburgische Kleinseenplatte,Gemeindeverband,/,/,/,/,/,/,/,/,/,/,/,/,/,/,/,130715155
20220515,130715156,Neustrelitz-Land,Gemeindeverband,/,/,/,/,/,/,/,/,/,/,/,/,/,/,/,130715156
20220515,130715157,Neverin,Gemeindeverband,/,/,/,/,/,/,/,/,/,/,/,/,/,/,/,130715157
20220515,130715158,Penzliner Land,Gemeindeverband,/,/,/,/,/,/,/,/,/,/,/,/,/,/,/,130715158
20220515,130715159,Röbel-Müritz,Gemeindeverband,13290,6560,6730,6830,3660,3180,6540,3510,3030,290,/,/,6460,2910,3550,130715159
20220515,130715160,Seenlandschaft Waren,Gemeindeverband,/,/,/,/,/,/,/,/,/,/,/,/,/,/,/,130715160
20220515,130715161,Stargarder Land,Gemeindeverband,/,/,/,/,/,/,/,/,/,/,/,/,/,/,/,130715161
20220515,130715162,Stavenhagen,Gemeindeverband,10300,5100,5200,5170,2730,2440,4790,2550,2240,380,/,/,5120,2370,2750,130715162
20220515,130715163,Treptower Tollensewinkel,Gemeindeverband,12800,6400,6400,6320,3440,2880,5900,3230,2670,410,/,/,6490,2960,3520,130715163
20220515,130715164,Woldegk,Gemeindeverband,/,/,/,/,/,/,/,/,/,/,/,/,/,/,/,130715164
20220515,130720006006,"Bad Doberan, Stadt",Gemeinde,12570,5920,6640,6290,3160,3130,5950,2980,2970,350,/,/,6270,2760,3510,13072006
20220515,130720029029,Dummerstorf,Gemeinde,/,/,/,/,/,/,/,/,/,/,/,/,/,/,/,13072029
20220515,130720036036,"Graal-Müritz, Ostseeheilbad",Gemeinde,/,/,/,/,/,/,/,/,/,/,/,/,/,/,/,13072036
20220515,130720043043,"Güstrow, Barlachstadt",Gemeinde,27480,13290,14190,12650,6590,6060,11620,6110,5510,1040,480,560,14820,6700,8130,13072043
20220515,130720058058,"Kröpelin, Stadt",Gemeinde,/,/,/,/,/,/,/,/,/,/,/,/,/,/,/,13072058
20220515,130720060060,"Kühlungsborn, Ostseebad, Stadt",Gemeinde,/,/,/,/,/,/,/,/,/,/,/,/,/,/,/,13072060
20220515,130720074074,"Neubukow, Schliemannstadt",Gemeinde,/,/,/,/,/,/,/,/,/,/,/,/,/,/,/,13072074
20220515,130720091091,Sanitz,Gemeinde,/,/,/,/,/,/,/,/,/,/,/,/,/,/,/,13072091
20220515,130720093093,Satow,Gemeinde,/,/,/,/,/,/,/,/,/,/,/,/,/,/,/,13072093
20220515,130720106106,"Teterow, Bergringstadt",Gemeinde,/,/,/,/,/,/,/,/,/,/,/,/,/,/,/,13072106
20220515,130725251,Bad Doberan-Land,Gemeindeverband,12270,6040,6230,6450,3230,3220,6380,3170,3200,/,/,/,5820,2810,3010,130725251
20220515,130725252,Bützow-Land,Gemeindeverband,15320,7530,7790,7890,3860,4020,7490,3680,3810,400,/,220,7430,3670,3770,130725252
20220515,130725253,Carbäk,Gemeindeverband,/,/,/,/,/,/,/,/,/,/,/,/,/,/,/,130725253
20220515,130725254,Gnoien,Gemeindeverband,/,/,/,/,/,/,/,/,/,/,/,/,/,/,/,130725254
20220515,130725255,Güstrow-Land,Gemeindeverband,/,/,/,/,/,/,/,/,/,/,/,/,/,/,/,130725255
20220515,130725256,Krakow am See,Gemeindeverband,/,/,/,/,/,/,/,/,/,/,/,/,/,/,/,130725256
20220515,130725257,Laage,Gemeindeverband,/,/,/,/,/,/,/,/,/,/,/,/,/,/,/,130725257
20220515,130725258,Mecklenburgische Schweiz,Gemeindeverband,/,/,/,/,/,/,/,/,/,/,/,/,/,/,/,130725258
20220515,130725259,Neubukow-Salzhaff,Gemeindeverband,/,/,/,/,/,/,/,/,/,/,/,/,/,/,/,130725259
20220515,130725260,Rostocker Heide,Gemeindeverband,10040,5090,4940,5660,2920,2740,5450,2860,2590,210,/,/,4370,2170,2200,130725260
20220515,130725261,Schwaan,Gemeindeverband,/,/,/,/,/,/,/,/,/,/,/,/,/,/,/,130725261
20220515,130725262,Tessin,Gemeindeverband,/,/,/,/,/,/,/,/,/,/,/,/,/,/,/,130725262
20220515,130725263,Warnow-West,Gemeindeverband,17280,8460,8820,9210,4670,4540,8850,4470,4380,360,/,/,8070,3790,4290,130725263
20220515,130730011011,"Binz, Ostseebad",Gemeinde,/,/,/,/,/,/,/,/,/,/,/,/,/,/,/,13073011
20220515,130730035035,"Grimmen, Stadt",Gemeinde,/,/,/,/,/,/,/,/,/,/,/,/,/,/,/,13073035
20220515,130730055055,"Marlow, Stadt",Gemeinde,/,/,/,/,/,/,/,/,/,/,/,/,/,/,/,13073055
20220515,130730070070,"Putbus, Stadt",Gemeinde,/,/,/,/,/,/,/,/,/,/,/,/,/,/,/,13073070
20220515,130730080080,"Sassnitz, Stadt",Gemeinde,/,/,/,/,/,/,/,/,/,/,/,/,/,/,/,13073080
20220515,130730088088,"Stralsund, Hansestadt",Gemeinde,52270,25050,27220,25450,13440,12010,23100,12130,10970,2350,1310,1040,26820,11600,15210,13073088
20220515,130730089089,Süderholz,Gemeinde,/,/,/,/,/,/,/,/,/,/,/,/,/,/,/,13073089
20220515,130730105105,"Zingst, Ostseeheilbad",Gemeinde,/,/,/,/,/,/,/,/,/,/,/,/,/,/,/,13073105
20220515,130735351,Altenpleen,Gemeindeverband,/,/,/,/,/,/,/,/,/,/,/,/,/,/,/,130735351
20220515,130735352,Barth,Gemeindeverband,14100,6780,7320,6840,3410,3430,6610,3290,3320,230,/,/,7250,3370,3890,130735352
20220515,130735353,Bergen auf Rügen,Gemeindeverband,19980,9740,10240,10120,5150,4970,9500,4970,4540,610,/,430,9870,4590,5280,130735353
20220515,130735354,Darß/Fischland,Gemeindeverband,/,/,/,/,/,/,/,/,/,/,/,/,/,/,/,130735354
20220515,130735355,Franzburg-Richtenberg,Gemeindeverband,/,/,/,/,/,/,/,/,/,/,/,/,/,/,/,130735355
20220515,130735356,Miltzow,Gemeindeverband,/,/,/,/,/,/,/,/,/,/,/,/,/,/,/,130735356
20220515,130735357,Mönchgut-Granitz,Gemeindeverband,/,/,/,/,/,/,/,/,/,/,/,/,/,/,/,130735357
20220515,130735358,Niepars,Gemeindeverband,/,/,/,/,/,/,/,/,/,/,/,/,/,/,/,130735358
20220515,130735359,Nord-Rügen,Gemeindeverband,/,/,/,/,/,/,/,/,/,/,/,/,/,/,/,130735359
20220515,130735360,Recknitz-Trebeltal,Gemeindeverband,/,/,/,/,/,/,/,/,/,/,/,/,/,/,/,130735360
20220515,130735361,Ribnitz-Damgarten,Gemeindeverband,17690,8500,9200,8480,4450,4030,8030,4270,3760,450,/,260,9220,4050,5170,130735361
20220515,130735362,West-Rügen,Gemeindeverband,/,/,/,/,/,/,/,/,/,/,/,/,/,/,/,130735362
20220515,130740026026,"Grevesmühlen, Stadt",Gemeinde,10000,4830,5160,5010,2500,2510,4640,2350,2300,370,/,/,4990,2330,2650,13074026
20220515,130740035035,"Insel Poel, Ostseebad",Gemeinde,/,/,/,/,/,/,/,/,/,/,/,/,/,/,/,13074035
20220515,130740087087,"Wismar, Hansestadt",Gemeinde,41430,20160,21270,19810,10570,9240,18250,9780,8480,1560,790,770,21620,9600,12030,13074087
20220515,130745451,Dorf Mecklenburg-Bad Kleinen,Gemeindeverband,13990,7000,6990,7260,3900,3360,6870,3700,3170,390,/,/,6730,3110,3620,130745451
20220515,130745452,Gadebusch,Gemeindeverband,/,/,/,/,/,/,/,/,/,/,/,/,/,/,/,130745452
20220515,130745453,Grevesmühlen-Land,Gemeindeverband,/,/,/,/,/,/,/,/,/,/,/,/,/,/,/,130745453
20220515,130745454,Klützer Winkel,Gemeindeverband,10360,5010,5340,5560,2720,2840,5330,2630,2700,240,/,/,4790,2290,2510,130745454
20220515,130745455,Lützow-Lübstorf,Gemeindeverband,13210,6640,6570,7240,3760,3470,7000,3670,3340,240,/,/,5970,2870,3100,130745455
20220515,130745456,Neuburg,Gemeindeverband,/,/,/,/,/,/,/,/,/,/,/,/,/,/,/,130745456
20220515,130745457,Neukloster-Warin,Gemeindeverband,10320,5160,5160,5080,2710,2370,4820,2560,2260,260,/,/,5240,2450,2790,130745457
20220515,130745458,Rehna,Gemeindeverband,/,/,/,/,/,/,/,/,/,/,/,/,/,/,/,130745458
20220515,130745459,Schönberger Land,Gemeindeverband,17800,8930,8870,9950,4960,4980,9550,4740,4810,400,230,/,7850,3970,3880,130745459
20220515,130750005005,"Anklam, Hansestadt",Gemeinde,11520,5450,6080,5010,2570,2440,4560,2280,2280,450,290,/,6510,2880,3640,13075005
20220515,130750039039,"Greifswald, Universitäts- und Hansestadt",Gemeinde,54270,25690,28580,27860,14270,13590,25420,12890,12530,2440,1390,1060,26410,11420,14990,13075039
20220515,130750049049,"Heringsdorf, Ostseebad",Gemeinde,/,/,/,/,/,/,/,/,/,/,/,/,/,/,/,13075049
20220515,130750105105,"Pasewalk, Stadt",Gemeinde,/,/,/,/,/,/,/,/,/,/,/,/,/,/,/,13075105
20220515,130750130130,"Strasburg (Uckermark), Stadt",Gemeinde,/,/,/,/,/,/,/,/,/,/,/,/,/,/,/,13075130
20220515,130750136136,"Ueckermünde, Seebad , Stadt",Gemeinde,/,/,/,/,/,/,/,/,/,/,/,/,/,/,/,13075136
20220515,130755551,Am Peenestrom,Gemeindeverband,13560,6590,6970,6050,3200,2850,5700,3010,2690,350,/,/,7510,3390,4120,130755551
20220515,130755552,Am Stettiner Haff,Gemeindeverband,10160,4990,5180,4750,2540,2210,4390,2360,2030,360,/,/,5410,2440,2970,130755552
20220515,130755553,Anklam-Land,Gemeindeverband,/,/,/,/,/,/,/,/,/,/,/,/,/,/,/,130755553
20220515,130755554,Jarmen-Tutow,Gemeindeverband,/,/,/,/,/,/,/,/,/,/,/,/,/,/,/,130755554
20220515,130755555,Landhagen,Gemeindeverband,10640,5350,5300,5380,2750,2630,5210,2620,2590,/,/,/,5260,2590,2670,130755555
20220515,130755556,Löcknitz-Penkun,Gemeindeverband,10370,5190,5180,4790,2620,2170,4480,2430,2060,310,/,/,5570,2560,3010,130755556
20220515,130755557,Lubmin,Gemeindeverband,10360,5110,5250,5200,2800,2400,4920,2610,2300,290,/,/,5160,2310,2850,130755557
20220515,130755558,Peenetal/Loitz,Gemeindeverband,/,/,/,/,/,/,/,/,/,/,/,/,/,/,/,130755558
20220515,130755559,Torgelow-Ferdinandshof,Gemeindeverband,13430,6600,6830,6320,3320,3000,5680,2930,2750,640,390,250,7110,3280,3830,130755559
20220515,130755560,Uecker-Randow-Tal,Gemeindeverband,/,/,/,/,/,/,/,/,/,/,/,/,/,/,/,130755560
20220515,130755561,Usedom-Nord,Gemeindeverband,/,/,/,/,/,/,/,/,/,/,/,/,/,/,/,130755561
20220515,130755562,Usedom-Süd,Gemeindeverband,10730,5210,5520,5010,2570,2430,4850,2500,2350,/,/,/,5720,2640,3080,130755562
20220515,130755563,Züssow,Gemeindeverband,11160,5560,5600,5320,2790,2540,4990,2620,2370,330,/,/,5830,2770,3060,130755563
20220515,130760014014,"Boizenburg/ Elbe, Stadt",Gemeinde,10870,5500,5370,5670,3010,2660,5270,2830,2430,410,/,220,5200,2490,2710,13076014
20220515,130760060060,"Hagenow, Stadt",Gemeinde,11680,5800,5890,5860,3150,2710,5350,2860,2490,510,290,220,5830,2650,3180,13076060
20220515,130760088088,"Lübtheen, Stadt",Gemeinde,/,/,/,/,/,/,/,/,/,/,/,/,/,/,/,13076088
20220515,130760090090,"Ludwigslust, Stadt",Gemeinde,11350,5470,5880,5830,3070,2760,5510,2880,2630,310,/,/,5520,2400,3120,13076090
20220515,130760108108,"Parchim, Stadt",Gemeinde,17260,8380,8880,7580,3820,3760,7030,3580,3450,550,240,310,9680,4570,5120,13076108
20220515,130765652,Boizenburg-Land,Gemeindeverband,/,/,/,/,/,/,/,/,/,/,/,/,/,/,/,130765652
20220515,130765654,Dömitz-Malliß,Gemeindeverband,/,/,/,/,/,/,/,/,/,/,/,/,/,/,/,130765654
20220515,130765655,Eldenburg Lübz,Gemeindeverband,11610,5710,5900,5700,3080,2620,5250,2820,2430,450,260,/,5910,2630,3280,130765655
20220515,130765656,Goldberg-Mildenitz,Gemeindeverband,/,/,/,/,/,/,/,/,/,/,/,/,/,/,/,130765656
20220515,130765657,Grabow,Gemeindeverband,10630,5300,5320,5440,2910,2530,5050,2680,2360,390,230,/,5180,2390,2790,130765657
20220515,130765658,Hagenow-Land,Gemeindeverband,/,/,/,/,/,/,/,/,/,/,/,/,/,/,/,130765658
20220515,130765659,Ludwigslust-Land,Gemeindeverband,/,/,/,/,/,/,/,/,/,/,/,/,/,/,/,130765659
20220515,130765660,Neustadt-Glewe,Gemeindeverband,/,/,/,/,/,/,/,/,/,/,/,/,/,/,/,130765660
20220515,130765662,Parchimer Umland,Gemeindeverband,/,/,/,/,/,/,/,/,/,/,/,/,/,/,/,130765662
20220515,130765663,Plau am See,Gemeindeverband,/,/,/,/,/,/,/,/,/,/,/,/,/,/,/,130765663
20220515,130765664,Sternberger Seenlandschaft,Gemeindeverband,11610,5790,5820,5340,2890,2440,5010,2650,2360,320,240,/,6280,2900,3380,130765664
20220515,130765665,Stralendorf,Gemeindeverband,11560,5710,5850,5900,3110,2790,5690,3000,2690,/,/,/,5660,2600,3060,130765665
20220515,130765666,Wittenburg,Gemeindeverband,/,/,/,/,/,/,/,/,/,/,/,/,/,/,/,130765666
20220515,130765667,Zarrentin,Gemeindeverband,9940,5040,4900,5560,2990,2570,5310,2840,2470,250,/,/,4390,2050,2340,130765667
20220515,130765668,Crivitz,Gemeindeverband,24190,11880,12310,12040,5840,6190,11480,5540,5940,560,300,260,12150,6040,6120,130765668
