wahlkreisnummer,wahlkreisname,structure_profile_key,structure_profile_label,structure_profile_color,structure_summary,urbanity_score,growth_score,industrial_score,aging_score,commuter_balance_per_1000,area_km2,population_total,population_male,population_female,share_u18_percent,share_18_25_percent,share_25_40_percent,share_40_60_percent,share_60_80_percent,share_80_plus_percent,youth_dependency_ratio,old_age_dependency_ratio,population_density_per_km2,population_growth_2014_2024_percent,population_forecast_2020_2040_percent,foreign_share_percent,evangelical_share_percent,catholic_share_percent,childcare_rate_u3_percent,general_schools_count,general_students_total,general_students_primary_share_percent,general_students_secondary_i_share_percent,general_students_secondary_ii_share_percent,vocational_units_count,vocational_students_total,vocational_berufsschule_share_percent,employment_total,employment_agriculture_share_percent,employment_manufacturing_share_percent,employment_trade_transport_share_percent,employment_services_share_percent,commuter_balance,debt_total_per_capita_eur,debt_public_sector_per_capita_eur
101,Betzdorf / Kirchen (Sieg),industrial_space,Industriell geprägte Arbeitsräume,#b45309,"Das Profil ist arbeitsplatz- und industrieorientiert: Produzierendes Gewerbe 49,8 %, Pendlersaldo -90,7 je 1.000 Einwohner.",-2.978,-2.862,3.309,-0.037,-90.65960176780877,412.676545,84172.0,41869.0,42303.0,17.14940835,6.288314404,17.89787578,26.57178159,25.19008696,6.902532909,33.0642664,40.70480398,203.9660383412389,0.8325646585286965,-4.180068182091958,9.594639547593024,25.7753428547763,36.35266415022896,25.7,28.0,7009.0,47.01098587530318,46.169211014410045,6.819803110286775,2.0,1475.0,70.44067796610169,24612.0,0.3859905737038843,49.78872094913051,18.706322119291404,31.118966357874207,-7631.0,643.7827221095815,643.7827221095815
102,Altenkirchen (Westerwald),growth_belt,Junge Wachstumsräume,#65a30d,"Bevoelkerung waechst ueberdurchschnittlich (+5,9 % seit 2014, +1,0 % bis 2040) bei hohem U18-Anteil (18,1 %) und solider U3-Betreuung (24,8 %).",-1.672,1.305,0.502,-2.827,-122.89164029616884,362.762456,65098.0,32265.0,32833.0,18.09425789,6.760576362,17.47058281,26.13290731,24.79492458,6.746751052,35.74128974,41.31422199,179.4507643315768,5.874508018085418,1.0460117815634504,11.170850102921749,28.618109635058786,26.665139715987173,24.8,20.0,7548.0,37.188659247482775,50.71542130365659,10.50609432962374,2.0,1496.0,50.80213903743316,19315.0,0.8180170851669687,38.02226249029252,17.556303391146777,43.60341703339374,-8000.0,636.8734502779874,652.7276185489212
103,Linz am Rhein / Rengsdorf,industrial_space,Industriell geprägte Arbeitsräume,#b45309,"Das Profil ist arbeitsplatz- und industrieorientiert: Produzierendes Gewerbe 44,0 %, Pendlersaldo -77,8 je 1.000 Einwohner.",-1.438,1.378,1.779,-0.736,-77.81733404744652,378.931581,95223.0,47131.0,48092.0,16.96333869,6.479527005,17.07360617,26.71833486,25.57575376,7.189439526,32.96824463,42.02256689,251.29338586323846,5.582782631835721,0.4228261222194618,10.06374510359892,16.95855406668744,39.263529656175336,33.0,33.0,7846.0,48.406831506500126,44.88911547285241,6.041294927351517,3.0,1083.0,23.084025854108955,31392.0,0.5064984709480123,44.004841997961265,15.564475025484201,39.924184505606526,-7410.0,173.59001427132304,173.59001427132304
104,Neuwied,urban_services,Verdichtete Dienstleistungsräume,#0f766e,"Dichte (378 EW/km²), Dienstleistungsanteil (47,8 %) und Ausländeranteil (14,0 %) liegen klar ueber dem Landesmittel.",1.671,1.08,-0.202,-2.271,-13.512649459707154,248.123778,93838.0,46363.0,47475.0,18.14829813,7.102666297,18.31667342,25.2424391,24.08405976,7.105863296,35.63854832,41.09083376,378.1902756615289,5.283353341785501,0.7633082574069618,14.028431978516165,22.583137528841473,25.89170423996105,24.8,38.0,12770.0,34.26781519185591,52.87392325763508,8.51213782302271,7.0,5118.0,76.78780773739742,35218.0,0.4997444488613777,29.910841047191777,21.78147538190698,47.80793912203987,-1268.0,1124.9892907097174,2847.1226176366954
105,Bad Marienberg (Westerwald) / Westerburg,industrial_space,Industriell geprägte Arbeitsräume,#b45309,"Das Profil ist arbeitsplatz- und industrieorientiert: Produzierendes Gewerbe 48,2 %, Pendlersaldo -86,6 je 1.000 Einwohner.",-2.777,-0.2,2.894,-1.631,-86.6077738515901,479.709421,84900.0,42218.0,42682.0,17.13191991,6.195524146,17.93286219,27.12838634,24.99882214,6.612485277,32.67997727,39.58688418,176.98214019440738,3.7504124353851234,-1.7126062819752974,9.840989399293285,30.74182091869135,30.51720488275278,30.5,37.0,8882.0,41.623508218869624,48.187345192524205,8.826840801621257,3.0,2590.0,51.96911196911197,27380.0,0.4601899196493791,48.21037253469686,17.801314828341855,33.52812271731191,-7353.0,232.25102827309047,232.25102827309047
106,Montabaur,growth_belt,Junge Wachstumsräume,#65a30d,"Bevoelkerung waechst ueberdurchschnittlich (+6,0 % seit 2014, +4,0 % bis 2040) bei hohem U18-Anteil (17,3 %) und solider U3-Betreuung (35,1 %).",-0.001,3.356,0.509,-2.937,-28.90857378579648,340.400689,92118.0,45620.0,46498.0,17.25504245,6.49601598,17.72943399,27.5114527,24.56957381,6.438481079,32.82437062,38.70475197,270.61637351738733,5.957050345644648,4.0372705338181305,11.41579278751167,14.430771878495827,44.16035625161346,35.1,33.0,9048.0,41.191423519009724,51.083112290008835,6.39920424403183,1.0,2136.0,77.10674157303372,35112.0,0.4670767828662566,33.47003873319663,22.02950558213716,44.03337890179995,-2663.0,134.7095911847167,134.7095911847167
107,Diez / Nassau,growth_belt,Junge Wachstumsräume,#65a30d,"Bevoelkerung waechst ueberdurchschnittlich (+4,2 % seit 2014, -0,6 % bis 2040) bei hohem U18-Anteil (16,9 %) und solider U3-Betreuung (35,2 %).",-1.33,0.959,-0.414,-0.79,-104.24531425922247,576.723212,90594.0,44927.0,45667.0,16.91061218,6.300638011,17.02761772,27.05697949,25.93438859,6.769764002,32.84612418,41.8434246,157.08401901465342,4.151385902992539,-0.5948596857687818,10.468684460339537,38.54394210189537,18.963615101167232,35.2,29.0,8752.0,40.79067641681901,48.03473491773309,9.22074954296161,2.0,1004.0,55.87649402390438,25188.0,0.5161187867238367,32.69016992218517,19.036842941083055,47.75686835000794,-9444.0,382.42731219140404,384.3534479901912
108,Koblenz / Lahnstein,urban_services,Verdichtete Dienstleistungsräume,#0f766e,"Dichte (477 EW/km²), Dienstleistungsanteil (60,1 %) und Ausländeranteil (16,2 %) liegen klar ueber dem Landesmittel.",6.125,-3.368,-1.847,2.259,187.53538403472353,310.761563,148372.0,73515.0,74857.0,15.32971181,7.85592969,22.00078182,24.69401235,22.4267382,7.69282614,28.76795811,38.67778668,477.44643374702036,1.6678315449026297,-0.21437169482126706,16.184994473350766,16.625260724581846,35.47116419338125,25.7,56.0,17226.0,31.266689887379545,53.68628816904679,13.94984326018809,7.0,9396.0,67.95444870157515,86490.0,0.13411955139322465,16.724476818129265,23.053532200254363,60.08787143022315,27825.0,3699.621963234897,4174.491206877936
109,Koblenz,urban_services,Verdichtete Dienstleistungsräume,#0f766e,"Dichte ( EW/km²), Dienstleistungsanteil () und Ausländeranteil () liegen klar ueber dem Landesmittel.",0.0,0.0,0.0,0.0,,,,,,,,,,,,,,,,,,,,,,,,,,,,,,,,,,,,
110,Bendorf / Weißenthurm,growth_belt,Junge Wachstumsräume,#65a30d,"Bevoelkerung waechst ueberdurchschnittlich (+3,4 % seit 2014, +3,3 % bis 2040) bei hohem U18-Anteil (16,7 %) und solider U3-Betreuung (31,9 %).",0.529,1.051,0.372,-0.537,-72.3250553352954,138.983434,82226.0,40566.0,41660.0,16.69666529,7.367499331,18.6096855,26.51229538,23.81728407,6.996570428,31.99348861,39.61098589,591.6244665533304,3.4367373638262007,3.3376583256101213,13.760854231021819,13.753873024607913,40.03062530655214,31.9,30.0,8324.0,39.199903892359444,52.739067755886595,7.712638154733301,2.0,133.0,0.0,26745.0,0.448681996634885,28.827818283791363,31.643297812675264,39.08020190689849,-5947.0,840.609426169412,971.151229287844
111,Andernach,growth_belt,Junge Wachstumsräume,#65a30d,"Bevoelkerung waechst ueberdurchschnittlich (+4,3 % seit 2014, +1,5 % bis 2040) bei hohem U18-Anteil (17,4 %) und solider U3-Betreuung (31,5 %).",0.343,1.428,1.354,-1.525,5.332024860974812,162.634318,61140.0,30519.0,30621.0,17.37814851,6.324828263,18.23846909,26.45894668,24.74811907,6.851488387,33.34566356,40.62428864,375.9354160417729,4.27752762996316,1.4675609270203864,10.117762512266928,12.771774089798019,44.25736523864659,31.5,22.0,6942.0,37.72687986171132,52.73696341112072,9.536156727167963,2.0,1652.0,74.63680387409201,24711.0,0.1821051353648173,38.60224191655538,18.38047832948889,42.83517461859091,326.0,1278.347870232383,1519.6851284738711
112,Mayen,aging_space,Ältere Flächenräume,#7c2d12,"Hoher Altenquotient (42,3) und ueberdurchschnittlicher 80+-Anteil (6,7 %) treffen auf verhaltene Bevoelkerungsdynamik.",-2.076,-0.233,-0.36,0.245,-100.44341843615003,551.973622,87502.0,43034.0,44468.0,16.70933236,6.177001669,17.20646385,26.96395511,26.22340061,6.719846404,32.43885395,42.26814415,158.52569128747243,1.81636238815001,-1.3375276977302235,9.143790999062878,11.342359854324464,51.73157271488259,35.4,46.0,8068.0,44.013386217154185,46.628656420426374,7.548339117501239,2.0,1874.0,55.49626467449307,25724.0,0.8552324677344115,28.304307261701133,27.21194215518582,43.62851811537863,-8789.0,1642.1543752213602,1868.1830749368767
113,Remagen / Sinzig,growth_belt,Junge Wachstumsräume,#65a30d,"Bevoelkerung waechst ueberdurchschnittlich (+4,3 % seit 2014, +6,2 % bis 2040) bei hohem U18-Anteil (16,7 %) und solider U3-Betreuung (34,8 %).",-2.067,2.86,0.965,0.71,-144.2687747035573,254.585586,67298.0,33185.0,34113.0,16.73749591,6.478647211,17.69294778,26.11370323,25.36479539,7.612410473,32.47464344,42.99533283,264.34332382038315,4.334749310098911,6.225791496552873,11.230645784421528,11.329232648431706,44.93303668804258,34.8,21.0,5043.0,53.46024191949237,40.709894903827085,5.076343446361293,,,,16979.0,0.5006184109782673,37.11643795276518,24.60686730667295,37.7760763295836,-9709.0,816.9935649744382,1301.8500029722982
114,Bad Neuenahr-Ahrweiler,aging_space,Ältere Flächenräume,#7c2d12,"Hoher Altenquotient (49,3) und ueberdurchschnittlicher 80+-Anteil (9,2 %) treffen auf verhaltene Bevoelkerungsdynamik.",-0.691,-3.728,-1.891,7.67,-52.211747643219724,532.447433,62055.0,30670.0,31385.0,15.02699218,5.720731609,17.13802272,25.90443961,26.97606962,9.233744259,29.79398696,49.25558313,116.54671645303996,-0.13839494053845286,-1.207319373703072,9.652727419224881,10.351608963887523,51.792936101375034,30.2,24.0,7253.0,29.54639459533986,55.480490831380116,13.690886529711843,2.0,2422.0,54.54170107349297,20630.0,2.050412021328163,21.66747455162385,22.903538536112457,53.378574890935525,-3240.0,1310.5038365655453,1486.0164794250009
215,Cochem-Zell,aging_space,Ältere Flächenräume,#7c2d12,"Hoher Altenquotient (45,7) und ueberdurchschnittlicher 80+-Anteil (7,8 %) treffen auf verhaltene Bevoelkerungsdynamik.",-1.671,-3.082,-1.04,4.58,-66.76081028437865,692.436228,61608.0,30814.0,30794.0,15.52720426,6.588430074,16.40533697,26.48519673,27.21886768,7.77496429,30.61948929,45.74602084,88.97281440335037,-0.6979255653519447,-1.9552437558868405,10.977470458382028,9.272058590406138,57.94679940395041,32.8,31.0,5403.0,42.772533777531,48.30649639089395,5.811586155839348,3.0,1182.0,65.05922165820644,20526.0,1.8415667933352822,22.990353697749196,28.705057000876938,46.463022508038584,-4113.0,714.4897945949451,714.4897945949451
216,Rhein-Hunsrück,industrial_space,Industriell geprägte Arbeitsräume,#b45309,"Das Profil ist arbeitsplatz- und industrieorientiert: Produzierendes Gewerbe 34,6 %, Pendlersaldo -23,3 je 1.000 Einwohner.",-1.357,-0.576,0.736,0.033,-23.27070382528928,763.130931,85902.0,42618.0,43284.0,16.58867081,6.297874322,17.12649298,26.56864799,26.43826686,6.98004703,32.3171853,43.19718857,112.56521851032139,4.516364521231293,-0.7979072850846336,10.572512863495612,25.540120783824666,37.442985646817014,28.9,32.0,8847.0,38.69108172261784,51.475076297049846,8.4774499830451,2.0,2657.0,57.77192322167859,33232.0,0.7372412132883966,34.5570534424651,21.41911410688493,43.28659123736158,-1999.0,568.3166455305931,568.8302172167863
217,Bad Kreuznach,growth_belt,Junge Wachstumsräume,#65a30d,"Bevoelkerung waechst ueberdurchschnittlich (+9,0 % seit 2014, +5,1 % bis 2040) bei hohem U18-Anteil (16,8 %) und solider U3-Betreuung (33,8 %).",3.322,3.904,-1.636,-1.405,15.51247742749603,258.241492,91926.0,44968.0,46958.0,16.75586885,6.533516089,18.065618,26.48543394,24.78080195,7.378761177,32.43545938,42.06340167,355.9691329540491,9.044969810559781,5.0847846538629256,16.726497400082675,26.69696140158774,25.703805091705444,33.8,30.0,9927.0,36.86914475672409,48.39327087740506,12.471038581646015,5.0,4132.0,60.84220716360116,37692.0,0.80653719622201,21.580176164703385,23.294067706675158,54.31921893239945,1426.0,920.3407443736036,1016.730347120048
218,Kirn / Bad Sobernheim,aging_space,Ältere Flächenräume,#7c2d12,"Hoher Altenquotient (45,5) und ueberdurchschnittlicher 80+-Anteil (7,2 %) treffen auf verhaltene Bevoelkerungsdynamik.",-3.651,-1.356,1.429,1.557,-136.6619977479333,605.651182,72822.0,35877.0,36945.0,16.80124138,6.1355085,16.15857845,26.55241548,27.16212134,7.190134849,33.32514976,45.45811647,120.2375264249051,1.6456597294920647,-3.2060236924452425,8.719892340226854,41.39140240380649,24.78891058609973,32.4,30.0,7876.0,35.27171152869477,54.583544946673435,9.30675469781615,1.0,600.0,76.66666666666667,17191.0,1.611308242685126,40.85277179919725,20.14426153219708,37.39165842592054,-9952.0,176.40111057791185,190.37038458901762
219,Birkenfeld,aging_space,Ältere Flächenräume,#7c2d12,"Hoher Altenquotient (45,6) und ueberdurchschnittlicher 80+-Anteil (7,4 %) treffen auf verhaltene Bevoelkerungsdynamik.",-0.355,-3.712,-0.431,2.266,-47.52393749016475,776.827874,82611.0,40778.0,41833.0,16.20365327,6.730338575,17.34877922,25.44092191,26.8559877,7.420319328,32.15984162,45.60908954,106.34402132691753,2.506483354220695,-3.447977236174694,12.764643933616588,42.23478229431543,18.075657696525628,22.7,27.0,7450.0,41.852348993288594,48.41610738255034,8.187919463087248,5.0,2051.0,50.07313505607021,27102.0,0.42063316360416203,32.31126854106708,16.987676186259318,50.28042210906945,-3926.0,481.73269086600084,1043.0377620855602
220,Vulkaneifel,aging_space,Ältere Flächenräume,#7c2d12,"Hoher Altenquotient (46,9) und ueberdurchschnittlicher 80+-Anteil (7,5 %) treffen auf verhaltene Bevoelkerungsdynamik.",-2.938,-5.341,1.017,4.943,-61.99315495759783,911.636627,59313.0,29723.0,29590.0,15.57668639,6.01048674,17.05696896,25.90663092,27.99723501,7.451991975,30.89121377,46.91087862,65.06210725120415,-2.405594405594406,-3.3327271825560842,10.058503194915112,9.15782183639614,57.99578025093012,26.1,24.0,5835.0,39.00599828620394,51.396743787489285,8.243359040274207,3.0,1531.0,66.42717178314827,20224.0,0.9889240506329114,36.17978639240506,22.40901898734177,40.42227056962025,-3677.0,403.4227220009077,403.4227220009077
221,Bitburg-Prüm,industrial_space,Industriell geprägte Arbeitsräume,#b45309,"Das Profil ist arbeitsplatz- und industrieorientiert: Produzierendes Gewerbe 39,0 %, Pendlersaldo -19,9 je 1.000 Einwohner.",-1.125,1.381,1.85,-3.198,-19.922235138493605,1626.953774,99788.0,50195.0,49593.0,17.53517457,6.465707299,18.26973183,27.08742534,24.63222031,6.00974065,33.33447667,37.80205457,61.33425644581344,3.505933117583603,4.640447753735444,17.180422495690863,5.865270127682642,66.16748787547311,26.7,48.0,10970.0,37.69371011850502,50.829535095715585,10.091157702825889,6.0,2431.0,64.37679967091732,29319.0,1.0846208943006241,39.03611992223473,22.169923940107097,37.70933524335755,-1988.0,850.6553925333386,959.1337934749
222,Wittlich,industrial_space,Industriell geprägte Arbeitsräume,#b45309,"Das Profil ist arbeitsplatz- und industrieorientiert: Produzierendes Gewerbe 40,4 %, Pendlersaldo 7,7 je 1.000 Einwohner.",-1.048,0.798,2.347,-0.577,7.681285729057417,652.032808,67697.0,33900.0,33797.0,17.00075336,6.778734656,17.52810317,26.62747241,25.14734774,6.917588667,32.9664395,41.12897004,103.82453025277832,3.29742431640625,2.7906976744185954,14.362527143004861,11.315976091581401,51.66070885856116,30.0,34.0,7171.0,37.902663505787196,51.06679682052713,10.04044066378469,3.0,1533.0,67.9712981082844,27554.0,1.2992668940988603,40.3788923568266,22.42142701604123,35.89678449589896,520.0,1131.5603725681221,1319.3959200543206
223,Bernkastel-Kues/ Morbach/Kirchberg (Hunsrück),industrial_space,Industriell geprägte Arbeitsräume,#b45309,"Das Profil ist arbeitsplatz- und industrieorientiert: Produzierendes Gewerbe 39,8 %, Pendlersaldo -78,4 je 1.000 Einwohner.",-2.967,-1.92,2.238,1.677,-78.36423151765646,743.823704,66293.0,33141.0,33152.0,15.98509647,6.303832984,16.81022129,27.17632329,26.81731103,6.90721494,31.08831518,43.73038686,89.12461332369692,1.6763803680981595,-1.7001853355185546,12.912373855459853,21.856517624793,45.66920984149515,31.7,33.0,6893.0,37.023066879442915,53.30044973161178,8.254751196866387,3.0,1025.0,66.04878048780488,22765.0,2.437952998023281,39.77597188666813,25.569953876564906,32.21612123874368,-5195.0,570.5940662546428,644.451752605224
224,Trier / Schweich,urban_services,Verdichtete Dienstleistungsräume,#0f766e,"Dichte (295 EW/km²), Dienstleistungsanteil (55,6 %) und Ausländeranteil (15,3 %) liegen klar ueber dem Landesmittel.",3.437,-1.568,-1.585,-0.176,65.80902842281256,583.471012,172256.0,84706.0,87550.0,16.03659669,8.424670258,21.22132175,26.13668029,21.88603009,6.29470091,29.51880499,34.16351508,295.2263205151313,-1.999761052733386,3.2868625554480815,15.30048300204347,8.76689522223926,52.91791715043046,31.6,72.0,18563.0,36.79900878090826,50.7083984269784,10.94650649140764,10.0,7476.0,57.049224184055646,69917.0,0.7480298067708855,20.84900667934837,22.772716220661643,55.63024729321911,11336.0,3120.208715783106,4118.923434428041
225,Trier,urban_services,Verdichtete Dienstleistungsräume,#0f766e,"Dichte ( EW/km²), Dienstleistungsanteil () und Ausländeranteil () liegen klar ueber dem Landesmittel.",0.0,0.0,0.0,0.0,,,,,,,,,,,,,,,,,,,,,,,,,,,,,,,,,,,,
226,Konz / Saarburg,growth_belt,Junge Wachstumsräume,#65a30d,"Bevoelkerung waechst ueberdurchschnittlich (+4,0 % seit 2014, +4,3 % bis 2040) bei hohem U18-Anteil (17,1 %) und solider U3-Betreuung (37,1 %).",-0.659,2.997,0.589,-2.143,-93.621589605005,635.834359,81039.0,40404.0,40635.0,17.10657831,6.452448821,17.90989524,27.81130073,24.22784092,6.491935981,32.45754498,38.28747208,127.45300541394619,3.992146596858639,4.257831236394495,16.939991855773144,7.068530773146449,60.10204444023534,37.1,33.0,8355.0,39.329742669060444,51.02333931777379,9.646918013165768,3.0,1223.0,47.26083401471791,16700.0,2.0778443113772456,34.550898203592816,22.17365269461078,41.19760479041916,-7587.0,1590.5660157495768,1670.3605966194834
327,Mainz I,urban_services,Verdichtete Dienstleistungsräume,#0f766e,"Dichte (1.852 EW/km²), Dienstleistungsanteil (69,6 %) und Ausländeranteil (18,7 %) liegen klar ueber dem Landesmittel.",8.828,1.359,-3.778,-4.233,118.67709058163808,131.89017,244310.0,119173.0,125137.0,15.1852155,10.12811592,25.62604887,24.54627318,18.50476853,6.009577995,26.5500381,28.58712217,1852.3745931937156,7.974207462864669,5.9159518137201275,18.693053906921534,17.277705132396207,26.670889179470414,30.2,54.0,25382.0,34.3353557639272,49.55086281616894,15.526751241036955,9.0,8884.0,56.78748311571364,131385.0,0.13395745328614378,12.25406248810747,17.98759371313316,69.62438634547323,28994.0,2001.821375501967,2404.464134692925
328,Mainz II,urban_services,Verdichtete Dienstleistungsräume,#0f766e,"Dichte ( EW/km²), Dienstleistungsanteil () und Ausländeranteil () liegen klar ueber dem Landesmittel.",0.0,0.0,0.0,0.0,,,,,,,,,,,,,,,,,,,,,,,,,,,,,,,,,,,,
329,Mainz III,urban_services,Verdichtete Dienstleistungsräume,#0f766e,"Dichte ( EW/km²), Dienstleistungsanteil () und Ausländeranteil () liegen klar ueber dem Landesmittel.",0.0,0.0,0.0,0.0,,,,,,,,,,,,,,,,,,,,,,,,,,,,,,,,,,,,
330,Bingen am Rhein,growth_belt,Junge Wachstumsräume,#65a30d,"Bevoelkerung waechst ueberdurchschnittlich (+0,8 % seit 2014, +4,1 % bis 2040) bei hohem U18-Anteil (17,1 %) und solider U3-Betreuung (31,1 %).",-1.595,0.643,-0.136,-0.017,-146.56769176387417,268.681877,70725.0,35079.0,35646.0,17.05478968,6.49416755,17.18487098,27.72004242,24.69565217,6.8504772,32.8577732,40.51331078,263.229514359839,0.7507336391350181,4.145357034252072,13.459172852598092,21.952380952380953,31.9484126984127,31.1,25.0,7333.0,39.64271103231965,49.461339151779626,8.754943406518478,2.0,1272.0,64.62264150943396,20555.0,3.0892726830454875,25.954755533933348,33.53441984918511,37.42155193383605,-10366.0,711.1853469052143,1173.8736851059004
331,Ingelheim am Rhein,growth_belt,Junge Wachstumsräume,#65a30d,"Bevoelkerung waechst ueberdurchschnittlich (+1,3 % seit 2014, +4,6 % bis 2040) bei hohem U18-Anteil (17,7 %) und solider U3-Betreuung (39,2 %).",1.391,3.312,0.492,-1.019,-26.413198667442227,156.940197,75644.0,37045.0,38599.0,17.72777748,6.338903284,16.15065306,28.61297657,24.23721643,6.932473164,34.38154654,39.75690048,481.99251336482007,1.3193318956857178,4.60594449047224,12.831156469779492,21.613537090576855,27.801349203369252,39.2,22.0,9861.0,34.387993104147654,49.264780448230404,14.815941588074233,1.0,1417.0,77.4876499647142,30841.0,1.011640348886223,35.897020200382606,16.662883823481728,46.42845562724944,-1998.0,158.06354060930434,1659.5215866696547
332,Rhein-Selz / Wonnegau,growth_belt,Junge Wachstumsräume,#65a30d,"Bevoelkerung waechst ueberdurchschnittlich (+1,8 % seit 2014, +4,4 % bis 2040) bei hohem U18-Anteil (18,0 %) und solider U3-Betreuung (34,8 %).",-2.937,2.864,-1.929,-2.393,-268.37482896937235,350.478596,85511.0,42100.0,43411.0,18.01054835,6.351229666,16.1990855,27.80227105,25.53238765,6.104477786,35.02627689,40.5177369,243.98351561531592,1.7806344105219307,4.447997423451184,9.926208324075265,33.45047098317035,21.373317315788885,34.8,26.0,9129.0,42.096615182385804,48.61430605761858,8.533245700514842,1.0,70.0,0.0,13147.0,6.5109911006313235,24.29451585913136,23.47303567353769,45.71385106868487,-22949.0,616.3662534096629,616.3662534096629
333,Worms,urban_services,Verdichtete Dienstleistungsräume,#0f766e,"Dichte (798 EW/km²), Dienstleistungsanteil (43,7 %) und Ausländeranteil (22,0 %) liegen klar ueber dem Landesmittel.",4.198,0.174,0.071,-5.071,-5.175613523451639,108.727022,86753.0,43523.0,43230.0,17.720424649999998,7.908660219,19.80796053,26.30341314,22.16407502,6.095466439,33.4850784,35.28851017,797.8973249170754,7.089248240957906,2.9451587006793716,22.00846080250827,24.442875869718662,20.439649087425632,16.1,24.0,9913.0,37.375163926157576,51.155048925653176,10.057500252194089,4.0,3011.0,61.806708734639656,34878.0,0.7253856299099719,27.47003841963415,28.106542806353573,43.69516600722518,-449.0,4889.034660383678,4899.417241259832
334,Alzey,growth_belt,Junge Wachstumsräume,#65a30d,"Bevoelkerung waechst ueberdurchschnittlich (+4,6 % seit 2014, +4,0 % bis 2040) bei hohem U18-Anteil (17,7 %) und solider U3-Betreuung (31,4 %).",-0.621,2.674,-1.459,-4.124,-124.57939804608637,383.134305,86186.0,42883.0,43303.0,17.7000905,6.611282575,17.48195763,27.48126146,25.10964658,5.615761261,33.69619495,38.45201238,224.9498384124074,4.6403768636783065,4.015107972739969,11.928851553616598,33.40492149792583,19.48931264058597,31.4,32.0,10231.0,35.73453230378262,50.08308083276317,13.195191085915356,4.0,1346.0,42.34769687964339,25708.0,2.4739380737513614,24.599346506923915,24.17146413567761,48.75525128364712,-10737.0,1314.8331317735708,1314.8331317735708
335,Frankenthal (Pfalz),urban_services,Verdichtete Dienstleistungsräume,#0f766e,"Dichte (737 EW/km²), Dienstleistungsanteil (36,5 %) und Ausländeranteil (18,1 %) liegen klar ueber dem Landesmittel.",1.665,0.264,0.909,0.911,-64.30346770870715,102.061835,75237.0,37243.0,37994.0,17.65354812,6.597817563,17.86089291,26.44443558,23.34888419,8.094421628,34.34246543,41.67933931,737.1707553562994,1.6757436112274822,5.251159603626391,18.117415633265548,22.866894197952217,22.821646499120902,22.5,28.0,9476.0,39.34149430139299,48.82861967074715,10.574081891093288,3.0,1156.0,61.245674740484425,24211.0,0.8797653958944283,30.7463549626203,31.890463012680186,36.48341662880509,-4838.0,3001.3860614762816,3061.397747819613
336,Ludwigshafen am Rhein I,urban_services,Verdichtete Dienstleistungsräume,#0f766e,"Dichte (2.289 EW/km²), Dienstleistungsanteil (41,9 %) und Ausländeranteil (31,0 %) liegen klar ueber dem Landesmittel.",9.627,2.713,3.1,-7.221,184.6159054744896,77.425363,177222.0,89845.0,87377.0,18.63820519,8.011984968,21.21181343,26.37370078,19.58278318,6.181512453,34.40442539,31.47475617,2288.9398658679843,8.173006494457736,6.959439489559969,30.976966742278044,15.453184766339598,20.428515993126002,15.7,43.0,20024.0,38.983220135836994,49.056132640831,9.26887734718338,8.0,10596.0,71.2249905624764,103939.0,0.12892177142362346,45.067780140274586,12.892177142362346,41.911120945939444,32718.0,5367.850130077706,6771.516626708156
337,Ludwigshafen am Rhein II,urban_services,Verdichtete Dienstleistungsräume,#0f766e,"Dichte ( EW/km²), Dienstleistungsanteil () und Ausländeranteil () liegen klar ueber dem Landesmittel.",0.0,0.0,0.0,0.0,,,,,,,,,,,,,,,,,,,,,,,,,,,,,,,,,,,,
338,Mutterstadt,aging_space,Ältere Flächenräume,#7c2d12,"Hoher Altenquotient (46,0) und ueberdurchschnittlicher 80+-Anteil (8,2 %) treffen auf verhaltene Bevoelkerungsdynamik.",-2.109,0.728,-0.897,1.991,-217.56196421915766,163.782956,85856.0,42130.0,43726.0,17.24398994,5.678112188,16.12350913,26.68188595,26.1088334,8.1636694,34.02096436,45.9706499,524.205949732645,3.0523447721243984,2.848603717194351,11.508805441669773,25.180093546221165,24.258287717221837,28.6,21.0,7123.0,50.44222939772568,43.394637091113296,6.1631335111610275,,,,16335.0,15.58616467707377,20.857055402509946,27.38904193449648,36.16773798591981,-18679.0,432.95800855208734,540.0080510794971
339,Speyer,urban_services,Verdichtete Dienstleistungsräume,#0f766e,"Dichte (736 EW/km²), Dienstleistungsanteil (53,1 %) und Ausländeranteil (15,2 %) liegen klar ueber dem Landesmittel.",3.777,1.533,-1.232,0.143,18.293276247932276,125.738224,92493.0,45387.0,47106.0,17.06831868,6.520493443,17.73863968,26.82473268,24.53699199,7.310823522,33.07603969,41.05465294,735.59970116963,2.4058901682905227,5.442228239177567,15.194663379931455,20.001896813353568,29.81790591805766,30.7,32.0,12696.0,30.765595463137995,55.00157529930687,13.358538122243226,4.0,2140.0,57.10280373831775,39728.0,1.152839307289569,24.06614981876762,21.65223519935562,53.12877567458719,1692.0,1314.641168650086,1589.2413070030373
440,Donnersberg,aging_space,Ältere Flächenräume,#7c2d12,"Hoher Altenquotient (43,0) und ueberdurchschnittlicher 80+-Anteil (6,6 %) treffen auf verhaltene Bevoelkerungsdynamik.",-2.599,-1.171,-0.361,0.795,-164.0479788187155,645.406793,74783.0,37027.0,37756.0,16.79526096,6.358396962,16.62409906,26.76811575,26.89916157,6.554965701,32.94117647,43.01882353,115.86955825548617,-0.2387876524105547,-0.8684255814877133,9.864541406469385,41.41461508401719,17.691806695323695,32.9,32.0,8644.0,35.15733456732994,52.48727440999538,10.816751503933364,2.0,1370.0,40.14598540145985,21161.0,1.0963565048910733,35.735551249940926,16.053116582392136,47.11497566277586,-12268.0,599.7146717320348,668.0119856600139
441,Kusel,aging_space,Ältere Flächenräume,#7c2d12,"Hoher Altenquotient (47,0) und ueberdurchschnittlicher 80+-Anteil (7,2 %) treffen auf verhaltene Bevoelkerungsdynamik.",-3.062,-5.265,-1.817,4.036,-204.48841838059252,573.606511,69334.0,34569.0,34765.0,16.01378833,6.292727955,16.44503418,25.87042432,28.21559408,7.16243113,31.90358212,47.03210488,120.87380228499534,-2.1852912546026553,-4.186577276941733,8.107133585253989,46.293912083869785,18.607546582532787,25.0,29.0,5968.0,45.27479892761394,46.29691689008043,7.4899463806970505,2.0,737.0,42.198100407055634,12677.0,1.1753569456496016,27.056874654886805,21.56661670742289,50.2011516920407,-14178.0,1431.655688493745,1432.4905706447582
442,Bad Dürkheim,aging_space,Ältere Flächenräume,#7c2d12,"Hoher Altenquotient (47,4) und ueberdurchschnittlicher 80+-Anteil (8,1 %) treffen auf verhaltene Bevoelkerungsdynamik.",-0.917,-0.029,-1.763,3.711,-122.45554126568805,368.543831,90196.0,44222.0,45974.0,15.87320945,5.578961373,15.63483968,27.45908909,27.31495853,8.13894186,31.49554767,47.38313865,244.73615459866426,3.324398011318075,1.5714398120566955,10.712226706284092,31.800632945808093,20.001957564354928,34.0,34.0,7494.0,46.130237523352015,42.67413931144916,8.76701361088871,1.0,1121.0,86.17305976806423,24819.0,4.186308876264152,20.186147709416172,28.006769007615134,47.62077440670454,-11045.0,681.2107622325767,1180.1940610715749
443,Neustadt an der Weinstraße,aging_space,Ältere Flächenräume,#7c2d12,"Hoher Altenquotient (46,3) und ueberdurchschnittlicher 80+-Anteil (8,2 %) treffen auf verhaltene Bevoelkerungsdynamik.",0.575,-1.662,-2.607,3.936,-119.30076854165685,214.056449,84836.0,41383.0,43453.0,16.39398369,6.071714838,17.23678627,25.61648357,26.47578858,8.205243057,32.57692389,46.33781133,396.3253636894631,0.4594543387646836,1.2118581433817184,11.419680324390589,29.686754650977896,25.35833541557822,28.2,27.0,9140.0,38.282275711159734,49.52954048140044,12.089715536105034,3.0,2396.0,68.65609348914859,24242.0,2.025410444682782,18.236944146522564,26.35921128619751,53.37843412259714,-10121.0,1483.5136027158283,1516.343780942053
444,Kaiserslautern I,urban_services,Verdichtete Dienstleistungsräume,#0f766e,"Dichte (283 EW/km²), Dienstleistungsanteil (56,2 %) und Ausländeranteil (17,7 %) liegen klar ueber dem Landesmittel.",3.973,-1.687,-1.679,-0.328,60.19600850602951,534.304424,151422.0,75786.0,75636.0,15.99833578,7.847604707,21.18846667,24.80947286,23.42063901,6.735480974,29.94057612,37.31002032,283.4002362668066,2.4998476940885,0.025288151835383132,17.702843708311867,30.024374030578326,21.607512936484145,28.7,54.0,16243.0,35.276734593363294,51.628393769623834,12.103675429415748,3.0,5715.0,64.28696412948382,65901.0,0.07131909986191409,20.846421146871823,22.901018193957604,56.18124155930866,9115.0,3439.05009109873,4535.609991814317
445,Kaiserslautern II,urban_services,Verdichtete Dienstleistungsräume,#0f766e,"Dichte ( EW/km²), Dienstleistungsanteil () und Ausländeranteil () liegen klar ueber dem Landesmittel.",0.0,0.0,0.0,0.0,,,,,,,,,,,,,,,,,,,,,,,,,,,,,,,,,,,,
446,Kaiserslautern-Land,urban_services,Verdichtete Dienstleistungsräume,#0f766e,"Dichte (180 EW/km²), Dienstleistungsanteil (56,3 %) und Ausländeranteil (13,3 %) liegen klar ueber dem Landesmittel.",0.711,0.049,-2.436,-2.036,-87.8249419284203,374.516873,67589.0,33222.0,34367.0,18.69682937,6.422642738,17.28387755,25.31329062,25.68613236,6.597227359,36.97271131,42.79482951,180.4698396058647,1.9549575369948562,0.5897965202005224,13.309858113006554,27.86373664653971,29.99158151416628,22.4,28.0,7461.0,39.177054014207215,49.02828039136845,9.288299155609167,1.0,1130.0,28.053097345132745,19803.0,0.4191284148866333,21.587638236630813,21.65833459576832,56.33489875271424,-5936.0,359.948798482918,500.1664938220392
447,Zweibrücken,aging_space,Ältere Flächenräume,#7c2d12,"Hoher Altenquotient (44,9) und ueberdurchschnittlicher 80+-Anteil (7,5 %) treffen auf verhaltene Bevoelkerungsdynamik.",-2.743,-3.649,0.898,4.78,-118.26972143352481,432.113765,76427.0,37804.0,38623.0,16.17622045,6.205921991,17.51213576,25.81810093,26.7850367,7.502584165,31.62296408,44.94397597,176.8677746241201,-5.0714196994162215,-3.677439598368366,8.686720661546312,35.610616829862316,28.478055569362294,36.4,31.0,8114.0,35.67907320680306,52.353956125215674,11.19053487798866,2.0,1151.0,35.968722849695915,22612.0,0.6943215991508933,36.77693260215815,23.226605342296125,39.297718025826995,-9039.0,1642.2624977205826,1648.4738974131867
448,Pirmasens,aging_space,Ältere Flächenräume,#7c2d12,"Hoher Altenquotient (49,6) und ueberdurchschnittlicher 80+-Anteil (8,7 %) treffen auf verhaltene Bevoelkerungsdynamik.",-0.854,-5.07,-0.699,8.045,-58.66260345603768,653.405886,86631.0,42629.0,44002.0,15.22549665,6.143297434,16.64992901,25.29233184,27.97151135,8.717433713,30.52690676,49.60908259,132.58374596276593,-3.6973220538701828,-5.529335450824263,11.150742805693111,28.33891603975619,34.58788644226017,35.1,35.0,8108.0,41.00888011840158,49.71632955106068,7.474099654662063,4.0,2419.0,61.967755270773054,28652.0,0.35599609102331425,27.642049420633814,24.02275582856345,47.97919865977942,-5082.0,2129.937730036575,2857.0561202709096
449,Südliche Weinstraße,aging_space,Ältere Flächenräume,#7c2d12,"Hoher Altenquotient (44,2) und ueberdurchschnittlicher 80+-Anteil (7,3 %) treffen auf verhaltene Bevoelkerungsdynamik.",-1.518,0.519,-1.827,1.477,-154.72909881801,503.904928,87818.0,43220.0,44598.0,16.32808764,6.009018652,16.56494113,27.01496276,26.80543852,7.277551299,31.85053024,44.19742197,174.27493783112993,2.916945001113338,1.7142657635639864,10.005921337311257,27.75875809583675,32.02640056572641,34.7,32.0,8738.0,37.98352025635157,50.13733119707027,10.219729915312428,3.0,1716.0,35.31468531468531,21444.0,2.5648199962693528,24.888080581980972,21.786980041037122,50.76011938071255,-13588.0,656.8764275222882,819.8194291049449
450,Landau in der Pfalz,urban_services,Verdichtete Dienstleistungsräume,#0f766e,"Dichte (318 EW/km²), Dienstleistungsanteil (55,0 %) und Ausländeranteil (11,6 %) liegen klar ueber dem Landesmittel.",2.217,1.913,-1.732,-1.9,35.05315011667099,242.322612,77140.0,37527.0,39613.0,16.05133523,7.884366088,20.01814882,25.65465388,23.86829142,6.523204563,29.8398804,37.2998505,318.3359545497141,6.193472006167315,3.163512470387815,11.576354679802956,24.911515773275198,30.927160810464223,35.5,34.0,11618.0,28.016870373558273,57.187123429161645,12.566706834222757,7.0,2589.0,50.096562379297026,32981.0,1.74949213183348,20.366271489645555,22.867711712804343,55.016524665716624,2704.0,1323.7328156345047,1323.7328156345047
451,Germersheim,growth_belt,Junge Wachstumsräume,#65a30d,"Bevoelkerung waechst ueberdurchschnittlich (+5,0 % seit 2014, +5,4 % bis 2040) bei hohem U18-Anteil (18,2 %) und solider U3-Betreuung (31,4 %).",0.028,3.764,0.553,-6.054,-51.434915517162715,180.616987,65753.0,32811.0,32942.0,18.20449257,7.179900537,18.6212036,27.60634496,23.06054477,5.327513574,34.08356003,34.6609865,364.0465998915152,4.9830757440286115,5.368823667161024,16.044895289948748,23.456864760292607,27.806662233238622,31.4,20.0,5351.0,51.65389646794991,42.55279387030462,5.793309661745468,1.0,1737.0,59.758203799654574,24187.0,1.914251457394468,22.933807417207593,41.81585149047009,33.33608963492785,-3382.0,1062.9522543194494,1182.1791754676553
452,Wörth am Rhein,industrial_space,Industriell geprägte Arbeitsräume,#b45309,"Das Profil ist arbeitsplatz- und industrieorientiert: Produzierendes Gewerbe 62,1 %, Pendlersaldo -31,3 je 1.000 Einwohner.",-2.66,1.476,5.843,-0.577,-31.334797777490632,259.341883,61912.0,30781.0,31131.0,17.02577852,6.186199767,17.29713141,27.54554852,24.9240858,7.021255976,32.86291454,40.84226474,238.72734817769486,3.421087799011092,2.2785429060386377,11.333828660033596,17.04023764515258,37.27661196803863,33.9,21.0,6419.0,41.299267798722546,44.477332917899986,14.223399283377471,,,,24951.0,0.12825137269047332,62.10973508075829,14.977355617009339,22.7846579295419,-1940.0,880.4722780717698,881.3564845345901
