role,wahlkreis_nummer,row_id,stimmbezirk_id,label,guw,valid_second,cdu_second_votes,merge_reason,merge_target_raw,merge_plus
aggregated_away,102,1021321002900,2901,Eulenberg,U,,,PARAGRAPH_57_2_LWO,1.02132100890008E+17,
aggregated_away,218,2181330904200,1,Heinzenberg,U,,,PARAGRAPH_10_3_LWAHLG,2.1813309073E+17,
aggregated_away,218,2181330904700,1,Horbach,U,,,PARAGRAPH_10_3_LWAHLG,2.1813309096E+17,
aggregated_away,218,2181331008200,1111,Rehbach,U,,,PARAGRAPH_10_3_LWAHLG,2.1813310022000099E+17,
aggregated_away,220,2202330422800,1,Nitz,U,,,PARAGRAPH_10_3_LWAHLG,2.202330421E+17,
aggregated_away,221,2212320121700,1,Eilscheid,U,,,PARAGRAPH_57_2_LWO,2.2123201262E+17,
aggregated_away,221,2212320124000,1,Herzfeld,U,,,PARAGRAPH_57_2_LWO,2.2123201259E+17,
aggregated_away,221,2212320124800,1,Kickeshausen,U,,,PARAGRAPH_57_2_LWO,2.2123201246E+17,
aggregated_away,221,2212320126700,1,Mauel,U,,,PARAGRAPH_57_2_LWO,2.2123201285E+17,
aggregated_away,221,2212320127000,1,Merlscheid,U,,,PARAGRAPH_10_3_LWAHLG,2.2123201262E+17,
aggregated_away,221,2212320127700,1,Niederpierscheid,U,,,PARAGRAPH_57_2_LWO,2.2123201285E+17,
aggregated_away,221,2212320129100,1,Pintesfeld,U,,,PARAGRAPH_10_3_LWAHLG,2.2123201322E+17,
aggregated_away,221,2212320129800,1,Reipeldingen,U,,,PARAGRAPH_10_3_LWAHLG,2.2123201213E+17,
aggregated_away,221,2212320130900,1,Sengerich,U,,,PARAGRAPH_10_3_LWAHLG,2.212320122E+17,
aggregated_away,221,2212320131500,1,Strickscheid,U,,,PARAGRAPH_10_3_LWAHLG,2.2123201262E+17,
aggregated_away,221,2212320500100,101,Affler,U,,,PARAGRAPH_57_2_LWO,2.2123205127000602E+17,
aggregated_away,221,2212320500400,501,Ammeldingen an der Our,U,,,PARAGRAPH_57_2_LWO,2.2123205131000602E+17,
aggregated_away,221,2212320502200,1101,Burg,U,,,PARAGRAPH_57_2_LWO,2.21232050940004E+17,
aggregated_away,221,2212320503800,1801,Fischbach-Oberraden,U,,,PARAGRAPH_57_2_LWO,2.2123205102000602E+17,
aggregated_away,221,2212320504100,2001,Gemünd,U,,,PARAGRAPH_57_2_LWO,2.2123205127000602E+17,
aggregated_away,221,2212320504900,2401,Herbstmühle,U,,,PARAGRAPH_10_3_LWAHLG,2.2123205068000301E+17,
aggregated_away,221,2212320506500,3101,Kaschenbach,U,,,PARAGRAPH_57_2_LWO,2.2123205002E+17,
aggregated_away,221,2212320506600,1,Keppeshausen,U,,,PARAGRAPH_57_2_LWO,2.2123205008E+17,
aggregated_away,221,2212320507300,3701,Leimbach,U,,,PARAGRAPH_10_3_LWAHLG,2.2123205064000301E+17,
aggregated_away,221,2212320508400,4101,Muxerath,U,,,PARAGRAPH_10_3_LWAHLG,2.2123205068000301E+17,
aggregated_away,221,2212320508500,4201,Nasingen,U,,,PARAGRAPH_10_3_LWAHLG,2.2123205068000301E+17,
aggregated_away,221,2212320509000,4501,Niederraden,U,,,PARAGRAPH_10_3_LWAHLG,2.2123205102000602E+17,
aggregated_away,221,2212320511600,5601,Scheitenkorb,U,,,PARAGRAPH_10_3_LWAHLG,2.2123205064000301E+17,
aggregated_away,221,2212320511700,5701,Scheuern,U,,,PARAGRAPH_57_2_LWO,2.2123205128000602E+17,
aggregated_away,221,2212320512100,5801,Sevenig bei Neuerburg,U,,,PARAGRAPH_10_3_LWAHLG,2.2123205064000301E+17,
aggregated_away,221,2212320513000,6701,Waldhof/Falkenstein-Keppeshausen,U,,,PARAGRAPH_57_2_LWO,2.2123205008E+17,
aggregated_away,221,2212320513800,6601,Zweifelscheid,U,,,PARAGRAPH_10_3_LWAHLG,2.2123205064000301E+17,
aggregated_away,221,2212320621600,21601,Dingdorf,U,,,PARAGRAPH_10_3_LWAHLG,2.2123206276002701E+17,
aggregated_away,221,2212320626600,26601,Matzerath,U,,,PARAGRAPH_10_3_LWAHLG,2.2123206290002899E+17,
aggregated_away,221,2212320628400,28401,Oberlauch,U,,,PARAGRAPH_10_3_LWAHLG,2.2123206276002701E+17,
aggregated_away,221,2212320632700,32701,Winringen,U,,,PARAGRAPH_10_3_LWAHLG,2.2123206276002701E+17,
aggregated_away,221,2212320801700,701,Birtlingen,U,,,PARAGRAPH_10_3_LWAHLG,2.2123208079000301E+17,
aggregated_away,221,2212320803200,1601,Enzen,U,,,PARAGRAPH_10_3_LWAHLG,2.2123208045000198E+17,
aggregated_away,221,2212320803500,1801,Etteldorf,U,,,PARAGRAPH_10_3_LWAHLG,2.2123208135000602E+17,
aggregated_away,221,2212320803600,1901,Feilsdorf,U,,,PARAGRAPH_10_3_LWAHLG,2.2123208009E+17,
aggregated_away,221,2212320804600,2501,Hamm,U,,,PARAGRAPH_10_3_LWAHLG,2.2123208015E+17,
aggregated_away,221,2212320807100,3401,Kyllburgweiler,U,,,PARAGRAPH_10_3_LWAHLG,2.2123208313000602E+17,
aggregated_away,221,2212320808300,4101,Mülbach,U,,,PARAGRAPH_10_3_LWAHLG,2.2123208009E+17,
aggregated_away,221,2212320809200,4601,Niederweiler,U,,,PARAGRAPH_10_3_LWAHLG,2.21232080980004E+17,
aggregated_away,221,2212320809700,4801,Oberstedem,U,,,PARAGRAPH_10_3_LWAHLG,2.21232080910004E+17,
aggregated_away,221,2212320810000,5101,Olsdorf,U,,,PARAGRAPH_10_3_LWAHLG,2.2123208045000198E+17,
aggregated_away,221,2212320811900,5901,Seffern,U,,,PARAGRAPH_10_3_LWAHLG,2.2123208120000602E+17,
aggregated_away,221,2212320812900,6601,Usch,U,,,PARAGRAPH_10_3_LWAHLG,2.2123208113000499E+17,
aggregated_away,221,2212320813300,6701,Wettlingen,U,,,PARAGRAPH_10_3_LWAHLG,2.2123208013E+17,
aggregated_away,221,2212320830600,6101,Seinsfeld,U,,,PARAGRAPH_10_3_LWAHLG,2.2123208313000602E+17,
aggregated_away,221,2212320833100,7201,Zendscheid,U,,,PARAGRAPH_10_3_LWAHLG,2.2123208113000499E+17,
aggregated_away,221,2212320850200,901,Brimingen,U,,,PARAGRAPH_10_3_LWAHLG,2.2123208009E+17,
aggregated_away,222,2222310802100,101,Dierfeld,U,,,PARAGRAPH_10_3_LWAHLG,2.222310808E+17,
aggregated_away,222,2222310802300,101,Dodenburg,U,,,PARAGRAPH_10_3_LWAHLG,2.2223108051E+17,
aggregated_away,222,2222310809100,101,Musweiler,U,,,PARAGRAPH_10_3_LWAHLG,2.2223108046E+17,
aggregated_away,222,2222310811600,101,Schwarzenborn,U,,,PARAGRAPH_10_3_LWAHLG,2.2223108026E+17,
aggregated_away,224,2242350412900,1901,Sommerau,U,,,PARAGRAPH_10_3_LWAHLG,2.2423504038E+17,
aggregated_away,226,2262350815400,701,Merzkirchen/Südlingen,U,,,PARAGRAPH_10_3_LWAHLG,2.2623508154E+17,
aggregated_away,441,4413360803500,1,Hausweiler,U,,,PARAGRAPH_57_2_LWO,4.4133608012E+17,
aggregation_receiver,102,1021321008900,8901,Peterslahr,U,202,70,,,+
aggregation_receiver,218,2181330907300,73,Oberhausen/Heinzenberg,U,541,153,,,+
aggregation_receiver,218,2181330909600,96,Simmertal/Horbach,U,1076,245,,,+
aggregation_receiver,218,2181331002200,1111,Daubach,U,168,55,,,+
aggregation_receiver,220,2202330421000,1,Drees,U,129,74,,,+
aggregation_receiver,221,2212320121300,1,Daleiden-Reipeldingen,U,406,187,,,+
aggregation_receiver,221,2212320122000,1,Eschfeld-Sengerich,U,128,66,,,+
aggregation_receiver,221,2212320124600,1,Jucken,U,118,43,,,+
aggregation_receiver,221,2212320125900,1,Leidenborn,U,142,70,,,+
aggregation_receiver,221,2212320126200,1,Lünebach-Merlscheid-Strickscheid,U,366,117,,,+
aggregation_receiver,221,2212320128500,1,Oberpierscheid,U,261,118,,,+
aggregation_receiver,221,2212320132200,1,Waxweiler-Pintesfeld,U,510,193,,,+
aggregation_receiver,221,2212320500200,201,Alsdorf,U,281,97,,,+
aggregation_receiver,221,2212320500800,601,Bauler,U,46,23,,,+
aggregation_receiver,221,2212320506400,3001,Karlshausen,U,298,119,,,+
aggregation_receiver,221,2212320506800,3401,Koxhausen,U,96,34,,,+
aggregation_receiver,221,2212320509400,4701,Niehl,U,55,20,,,+
aggregation_receiver,221,2212320510200,6201,Utscheid,U,250,106,,,+
aggregation_receiver,221,2212320512700,6001,Übereisenbach,U,47,24,,,+
aggregation_receiver,221,2212320512800,6101,Uppershausen,U,57,20,,,+
aggregation_receiver,221,2212320513100,6401,Wallendorf,U,121,63,,,+
aggregation_receiver,221,2212320627600,27601,Niederlauch,U,160,83,,,+
aggregation_receiver,221,2212320629000,29001,Orlenbach,U,145,60,,,+
aggregation_receiver,221,2212320800900,301,Baustert,U,362,163,,,+
aggregation_receiver,221,2212320801300,401,Bettingen,U,537,141,,,+
aggregation_receiver,221,2212320801500,601,Biersdorf,U,317,115,,,+
aggregation_receiver,221,2212320804500,2401,Halsdorf,U,127,37,,,+
aggregation_receiver,221,2212320807900,3901,Messerich,U,352,124,,,+
aggregation_receiver,221,2212320809100,4501,Niederstedem,U,181,62,,,+
aggregation_receiver,221,2212320809800,4901,Oberweiler,U,184,62,,,+
aggregation_receiver,221,2212320811300,5601,Sankt Thomas,U,233,93,,,+
aggregation_receiver,221,2212320812000,6001,Sefferweich,U,304,92,,,+
aggregation_receiver,221,2212320813500,6901,Wilsecker,U,108,33,,,+
aggregation_receiver,221,2212320831300,6201,Steinborn,U,244,124,,,+
aggregation_receiver,222,2222310802600,101,Eisenschmitt-Schwarzenborn,U,188,83,,,+
aggregation_receiver,222,2222310804600,101,Großlittgen-Musweiler,U,544,200,,,+
aggregation_receiver,222,2222310805100,101,Heidweiler-Dodenburg,U,163,80,,,+
aggregation_receiver,222,2222310808000,101,Manderscheid-Dierfeld,U,739,342,,,+
aggregation_receiver,224,2242350403800,519,Gutweiler-Sommerau,U,458,183,,,+
aggregation_receiver,226,2262350815400,101,"Merzkirchen/Merzkirchen,Rommelfangen",U,111,41,,,+
aggregation_receiver,441,4413360801200,1,Buborn,U,102,42,,,+
