id,wk,ags,name,precincts,counted_precincts,valid_zweit,cdu_zweit,last_changed
1000000000000,100,00000000,Bezirk 1,1277,1277,538766.0,185417.0,2026-03-26 18:26:34
2000000000000,200,00000000,Bezirk 2,1404,1404,475918.0,165955.0,2026-03-26 12:39:07
3000000000000,300,00000000,Bezirk 3,989,989,497756.0,136023.0,2026-03-25 17:19:45
4000000000000,400,00000000,Bezirk 4,1022,1022,515790.0,140559.0,2026-03-25 14:02:07
0001310000000,000,13100000,"Ahrweiler, Landkreis",145,145,65721.0,25965.0,2026-03-26 18:26:34
0001320000000,000,13200000,"Altenkirchen, Landkreis",170,170,63895.0,22486.0,2026-03-25 14:36:44
0001330000000,000,13300000,"Bad Kreuznach, Landkreis",160,160,78816.0,24030.0,2026-03-23 16:25:51
0001370000000,000,13700000,"Mayen-Koblenz, Landkreis",219,219,106758.0,37534.0,2026-03-25 09:08:54
0001380000000,000,13800000,"Neuwied, Landkreis",195,195,85245.0,28755.0,2026-03-26 11:57:30
0001400000000,000,14000000,"Rhein-Hunsrück-Kreis, Landkreis",195,195,56798.0,19053.0,2026-03-25 08:28:51
0001410000000,000,14100000,"Rhein-Lahn-Kreis, Landkreis",179,179,62880.0,18580.0,2026-03-25 11:36:14
0001430000000,000,14300000,"Westerwaldkreis, Landkreis",247,247,104588.0,36731.0,2026-03-26 09:36:01
0002310000000,000,23100000,"Bernkastel-Wittlich, Landkreis",158,158,58815.0,22638.0,2026-03-24 12:00:29
0002350000000,000,23500000,"Trier-Saarburg, Landkreis",177,177,78399.0,28529.0,2026-03-26 12:39:07
0003310000000,000,33100000,"Alzey-Worms, Landkreis",128,128,70193.0,18258.0,2026-03-25 17:19:45
0003320000000,000,33200000,"Bad Dürkheim, Landkreis",108,108,75118.0,22384.0,2026-03-23 15:37:11
0003340000000,000,33400000,"Germersheim, Landkreis",100,100,64253.0,18047.0,2026-03-25 13:36:21
0003350000000,000,33500000,"Kaiserslautern, Landkreis",106,106,54160.0,15182.0,2026-03-24 10:54:00
0003370000000,000,33700000,"Südliche Weinstraße, Landkreis",101,101,63695.0,17972.0,2026-03-25 13:22:56
0003380000000,000,33800000,"Rhein-Pfalz-Kreis, Landkreis",104,104,81397.0,25068.0,2026-03-25 16:10:53
0003390000000,000,33900000,"Mainz-Bingen, Landkreis",232,232,113534.0,34473.0,2026-03-25 14:33:32
0003400000000,000,34000000,"Südwestpfalz, Landkreis",118,118,55223.0,17303.0,2026-03-25 12:09:42
2151350000000,215,13500000,"Cochem-Zell, Landkreis",107,107,33448.0,13770.0,2026-03-26 08:03:48
2191340000000,219,13400000,"Birkenfeld, Landkreis",135,135,40279.0,11147.0,2026-03-26 09:22:17
2202330000000,220,23300000,"Vulkaneifel, Landkreis",144,144,32429.0,15095.0,2026-03-25 10:17:55
2212320000000,221,23200000,Eifelkreis Bitburg-Prüm,213,213,49058.0,18382.0,2026-03-26 07:22:25
4403330000000,440,33300000,"Donnersbergkreis, Landkreis",113,113,40531.0,9887.0,2026-03-24 15:33:15
4413360000000,441,33600000,"Kusel, Landkreis",112,112,37332.0,9009.0,2026-03-25 12:42:42
0001110000000,000,11100000,"Koblenz, Kreisfreie Stadt",122,122,49679.0,15366.0,2026-03-23 14:58:10
0002110000000,000,21100000,"Trier, Kreisfreie Stadt",115,115,47876.0,13311.0,2026-03-25 11:43:26
0003120000000,000,31200000,"Kaiserslautern, Kreisfreie Stadt",86,86,41162.0,9092.0,2026-03-25 14:02:07
0003140000000,000,31400000,"Ludwigshafen am Rhein, Kreisfreie Stadt",145,145,50600.0,12622.0,2026-03-24 12:02:33
0003150000000,000,31500000,"Mainz, Kreisfreie Stadt",199,199,105423.0,25298.0,2026-03-23 15:56:07
1011320000000,101,13200000,"Altenkirchen (Ww.), Teilkreis",69,69,33101.0,12288.0,2026-03-25 11:27:38
1011430000000,101,14300000,"Westerwaldkreis, Teilkreis",27,27,8540.0,2908.0,2026-03-24 07:46:19
1021320000000,102,13200000,"Altenkirchen (Ww.), Teilkreis",101,101,30794.0,10198.0,2026-03-25 14:36:44
1031380000000,103,13800000,"Neuwied, Teilkreis",102,102,46476.0,17489.0,2026-03-24 16:07:14
1041380000000,104,13800000,"Neuwied, Teilkreis",93,93,38769.0,11266.0,2026-03-26 11:57:30
1051430000000,105,14300000,"Westerwaldkreis, Teilkreis",116,116,43007.0,13544.0,2026-03-26 09:36:01
1061430000000,106,14300000,"Westerwaldkreis, Teilkreis",92,92,46819.0,18149.0,2026-03-25 14:55:36
1071410000000,107,14100000,"Rhein-Lahn-Kreis, Teilkreis",132,132,45299.0,12875.0,2026-03-25 11:36:14
1081410000000,108,14100000,"Rhein-Lahn-Kreis, Teilkreis",47,47,17581.0,5705.0,2026-03-24 10:38:08
1101370000000,110,13700000,"Mayen-Koblenz, Teilkreis",52,52,30759.0,10890.0,2026-03-25 09:08:54
1101430000000,110,14300000,"Westerwaldkreis, Teilkreis",12,12,6222.0,2130.0,2026-03-25 09:11:28
1111370000000,111,13700000,"Mayen-Koblenz, Teilkreis",63,63,29025.0,9096.0,2026-03-25 08:58:43
1121370000000,112,13700000,"Mayen-Koblenz, Teilkreis",104,104,46974.0,17548.0,2026-03-25 08:50:01
1131310000000,113,13100000,"Ahrweiler, Teilkreis",56,56,32384.0,11575.0,2026-03-25 15:30:21
1141310000000,114,13100000,"Ahrweiler, Teilkreis",89,89,33337.0,14390.0,2026-03-26 18:26:34
2161400000000,216,14000000,"Rhein-Hunsrück-Kreis, Teilkreis",149,149,46730.0,16165.0,2026-03-25 08:28:51
2171330000000,217,13300000,"Bad Kreuznach, Teilkreis",59,59,39764.0,12441.0,2026-03-23 16:25:51
2181330000000,218,13300000,"Bad Kreuznach, Teilkreis",101,101,39052.0,11589.0,2026-03-23 15:52:29
2222310000000,222,23100000,"Bernkastel-Wittlich, Teilkreis",81,81,33724.0,13377.0,2026-03-24 08:52:00
2231400000000,223,14000000,"Rhein-Hunsrück-Kreis, Teilkreis",46,46,10068.0,2888.0,2026-03-24 14:57:42
2232310000000,223,23100000,"Bernkastel-Wittlich, Teilkreis",77,77,25091.0,9261.0,2026-03-24 12:00:29
2242350000000,224,23500000,"Trier-Saarburg, TK",80,80,38391.0,14174.0,2026-03-25 16:07:03
2262350000000,226,23500000,"Trier-Saarburg, Teilkreis",97,97,40008.0,14355.0,2026-03-26 12:39:07
3293390000000,329,33900000,"Mainz-Bingen, Teilkreis",20,20,11563.0,3791.0,2026-03-22 21:46:51
3303390000000,330,33900000,"Mainz-Bingen, Teilkreis",76,76,37897.0,11429.0,2026-03-25 08:42:35
3313390000000,331,33900000,"Mainz-Bingen, Teilkreis",106,106,40750.0,12759.0,2026-03-24 08:58:07
3323310000000,332,33100000,"Alzey-Worms, Teilkreis",40,40,24408.0,6323.0,2026-03-25 15:58:33
3323390000000,332,33900000,"Mainz-Bingen, Teilkreis",30,30,23324.0,6494.0,2026-03-25 14:33:32
3343310000000,334,33100000,"Alzey-Worms, Teilkreis",88,88,45785.0,11935.0,2026-03-25 17:19:45
3353380000000,335,33800000,"Rhein-Pfalz-Kreis, Teilkreis",20,20,14181.0,4233.0,2026-03-25 16:10:53
3383380000000,338,33800000,"Rhein-Pfalz-Kreis, Teilkreis",67,67,45826.0,13991.0,2026-03-25 07:21:51
3393380000000,339,33800000,"Rhein-Pfalz-Kreis, Teilkreis",17,17,21390.0,6844.0,2026-03-24 12:24:46
4423320000000,442,33200000,"Bad Dürkheim, Teilkreis",71,71,50336.0,15267.0,2026-03-23 15:37:11
4433320000000,443,33200000,"Bad Dürkheim, Teilkreis",23,23,18546.0,5623.0,2026-03-22 21:22:43
4453320000000,445,33200000,"Bad Dürkheim, Teilkreis",14,14,6236.0,1494.0,2026-03-22 19:58:32
4453350000000,445,33500000,"Kaiserslautern, Teilkreis",37,37,21142.0,5209.0,2026-03-24 10:54:00
4463350000000,446,33500000,"Kaiserslautern, Teilkreis",69,69,33018.0,9973.0,2026-03-22 20:29:39
4473400000000,447,34000000,"Südwestpfalz, Teilkreis",59,59,26560.0,8191.0,2026-03-23 15:09:33
4483400000000,448,34000000,"Südwestpfalz, Teilkreis",59,59,28663.0,9112.0,2026-03-25 12:09:42
4493340000000,449,33400000,"Germersheim, Teilkreis",16,16,8941.0,2201.0,2026-03-25 13:36:21
4493370000000,449,33700000,"Südliche Weinstraße, Teilkreis",70,70,39848.0,10385.0,2026-03-25 13:22:56
4503370000000,450,33700000,"Südliche Weinstraße, Teilkreis",25,25,16798.0,5529.0,2026-03-25 10:10:35
4513340000000,451,33400000,"Germersheim, Teilkreis",33,33,23021.0,5789.0,2026-03-23 15:37:18
4513370000000,451,33700000,"Südliche Weinestraße, Teilkreis",6,6,7049.0,2058.0,2026-03-22 20:51:24
4523340000000,452,33400000,"Germersheim, Teilkreis",51,51,32291.0,10057.0,2026-03-23 11:18:08
2222310802100,222,23108021,Dierfeld,0,0,,,2026-03-23 08:54:23
1141310000711,114,13100007,Ahrweiler,6,6,3898.0,1644.0,2026-03-25 16:34:58
1141310000712,114,13100007,Walporzheim,1,1,326.0,140.0,2026-03-22 19:38:16
1141310000713,114,13100007,Bachem,1,1,707.0,240.0,2026-03-22 20:35:54
1141310000714,114,13100007,Ramersbach,1,1,352.0,130.0,2026-03-22 19:15:18
1141310000720,114,13100007,Bad Neuenahr,9,9,5508.0,2386.0,2026-03-22 21:15:41
1141310000730,114,13100007,Heimersheim,2,2,1576.0,646.0,2026-03-26 18:26:34
1141310000731,114,13100007,Heppingen,1,1,535.0,223.0,2026-03-22 20:55:08
1141310000732,114,13100007,Gimmigen,1,1,417.0,199.0,2026-03-22 19:39:05
1141310000733,114,13100007,Lohrsdorf,1,1,320.0,125.0,2026-03-22 20:03:45
1141310000734,114,13100007,Kirchdaun,1,1,215.0,85.0,2026-03-22 19:04:21
2151350102001,215,13501020,Cochem,2,2,298.0,106.0,2026-03-22 20:15:16
2151350102002,215,13501020,Cochem/Cond,1,1,368.0,145.0,2026-03-22 20:08:01
2151350102003,215,13501020,Cochem/Sehl,1,1,193.0,76.0,2026-03-22 20:16:06
2151350102004,215,13501020,Cochem/Brauheck,1,1,163.0,40.0,2026-03-22 20:16:15
2202330150110,220,23301501,Daun-Stadt,3,3,1877.0,834.0,2026-03-24 13:03:54
2202330150120,220,23301501,Daun-Boverath,1,1,308.0,145.0,2026-03-22 18:35:30
2202330150130,220,23301501,Daun-Gemünden,1,1,104.0,51.0,2026-03-22 18:35:43
2202330150140,220,23301501,Daun-Neunkirchen,1,1,274.0,131.0,2026-03-22 19:11:29
2202330150150,220,23301501,Daun-Pützborn,1,1,520.0,243.0,2026-03-22 19:03:33
2202330150160,220,23301501,Daun-Rengen,1,1,247.0,103.0,2026-03-22 18:53:30
2202330150170,220,23301501,Daun-Steinborn,1,1,224.0,105.0,2026-03-24 13:06:20
2202330150180,220,23301501,Daun-Waldkönigen,1,1,362.0,170.0,2026-03-22 19:55:29
2202330150190,220,23301501,Daun-Weiersbach,1,1,108.0,55.0,2026-03-22 18:48:51
3343310000301,334,33100003,Stadt,10,10,6603.0,1563.0,2026-03-25 17:19:45
3343310000302,334,33100003,Dautenheim,1,1,262.0,69.0,2026-03-22 19:03:47
3343310000303,334,33100003,Schafhausen,1,1,180.0,41.0,2026-03-22 18:42:07
3343310000304,334,33100003,Heimersheim,1,1,494.0,135.0,2026-03-22 19:21:20
3343310000305,334,33100003,Weinheim,2,2,1044.0,307.0,2026-03-22 19:36:34
4463350100301,446,33501003,Bruchmühlbach-Miesau/Bruchmühlbach,2,2,1175.0,310.0,2026-03-22 19:39:37
4463350100302,446,33501003,Bruchmühlbach-Miesau/Miesau,2,2,1003.0,237.0,2026-03-22 19:34:07
4463350100303,446,33501003,Bruchmühlbach-Miesau/Elschbach,1,1,227.0,67.0,2026-03-22 18:49:28
4463350100304,446,33501003,Bruchmühlbach-Miesau/Vogelbach,1,1,514.0,125.0,2026-03-22 19:09:40
4463350100305,446,33501003,Bruchmühlbach-Miesau/Buchholz,1,1,249.0,45.0,2026-03-22 19:10:59
